Workbook

Sheet INSTRUCTIONS
A3: ⚠️ STOP! DO NOT ENTER DATA UNTIL YOU HAVE SAVED A COPY ⚠️
A5: Instruction: "This is a Read-Only Template. To start a new competition, go to FILE > CREATE A COPY > SAVE A COPY ONLINE and name it after today's match."
A7: To start a new match, select File >Open>View all files> Open the copy you names as above . This keeps the template clean for next time.
A9: General Rule for Data Entry
A10: Don't Change any boxes with Red Background
A11: 1. PRE-MATCH (Registration Tab)
A13: Complete Early Before competition Starts: Complete Name and Angler and opt in to Secret Pairs (Yes or No) columns only. You can ignore the other columns at the right side of the sheet at this time.
A14: Team Grouping: List team members in blocks of four (e.g., Rows 1-4 = Team A).
A15: The Spelling Rule: Names must match catch cards exactly. "Chris" is not "Christopher" to a computer!
A16: Late Entries: Add new anglers to the next empty row and assign their Team Name immediately.
A19: 2. DURING MATCH (Day 1 & Day 2 Tab)
A21: Data Entry: You only need to enter data in zone, length, species, fish count and biggest fish. Do not change name or points they are placed there automatically.
... A31: Automated Results: These sheets are locked. If a number looks wrong, go back to the Day 1/Day 2 tabs and check your entry.
A36: 4
A37: 4. Locked Tabs ( Day 1 Zone, Day 2 Zone, Team Standings, Biggest Fish, Secret Pairs, Charts)
A39: These tabs show data only. You can safely view them.
A40: The tabs automatically update during the course of the competition.
A42: 5) Secret Pairs ( Optional)
A43: These instuctions should only be completed once all the data has been entered,and competition is closed. Go to Registration page and follow instructions on the page. You can click the randomiser button more than once but once you are happy that its random you need to lock the results so winners are locked in. Follow the instructions to lock selection. To see the winners go to the secret Pairs Tab.
A45: 📤 5. SHARING & PUBLISHING
A47: To Publish Full tables from Excell
A49: Use File menu in Excell > Export > Save as PDF. You can then dpownload and share the pdf as normal via Whatsapp or other alternative.

Sheet DATA_IMPORT

Sheet REGISTRATION
A1: ID | B1: ANGLER NAME | C1: TEAM | D1: OPT IN | N1: SEED | O1: ORDER
A2: 1 | B2: =IF(DATA_IMPORT!A2="", "", DATA_IMPORT!A2) | C2: =IF(DATA_IMPORT!B2="", "", DATA_IMPORT!B2) | D2: No | N2: =$Q$4 + RAND() -> 0.76470624 | O2: =IF(N2="", "", _xlfn.RANK.EQ(N2, $N$2:$N$120) + COUNTIF($N$2:N2, N2) - 1) -> 29 | Q2: Click Red Box Below to Randomise Random Pairs. You can click as many times as you want. Once tick is missing from the box winners are ready.
A3: 2 | B3: =IF(DATA_IMPORT!A3="", "", DATA_IMPORT!A3) | C3: =IF(DATA_IMPORT!B3="", "", DATA_IMPORT!B3) | D3: Yes | N3: =$Q$4 + RAND() -> 0.097843044 | O3: =IF(N3="", "", _xlfn.RANK.EQ(N3, $N$2:$N$120) + COUNTIF($N$2:N3, N3) - 1) -> 114
A4: 3 | B4: =IF(DATA_IMPORT!A4="", "", DATA_IMPORT!A4) | C4: =IF(DATA_IMPORT!B4="", "", DATA_IMPORT!B4) | D4: Yes | N4: =$Q$4 + RAND() -> 0.34180473 | O4: =IF(N4="", "", _xlfn.RANK.EQ(N4, $N$2:$N$120) + COUNTIF($N$2:N4, N4) - 1) -> 88 | Q4: FALSE
A5: 4 | B5: =IF(DATA_IMPORT!A5="", "", DATA_IMPORT!A5) | C5: =IF(DATA_IMPORT!B5="", "", DATA_IMPORT!B5) | D5: Yes | N5: =$Q$4 + RAND() -> 0.51468505 | O5: =IF(N5="", "", _xlfn.RANK.EQ(N5, $N$2:$N$120) + COUNTIF($N$2:N5, N5) - 1) -> 64
A6: 5 | B6: =IF(DATA_IMPORT!A6="", "", DATA_IMPORT!A6) | C6: =IF(DATA_IMPORT!B6="", "", DATA_IMPORT!B6) | D6: Yes | N6: =$Q$4 + RAND() -> 0.55751523 | O6: =IF(N6="", "", _xlfn.RANK.EQ(N6, $N$2:$N$120) + COUNTIF($N$2:N6, N6) - 1) -> 60 | Q6: TO REVEAL WINNERS: Go to the SECRET PAIRS FINAL tab.
A7: 6 | B7: =IF(DATA_IMPORT!A7="", "", DATA_IMPORT!A7) | C7: =IF(DATA_IMPORT!B7="", "", DATA_IMPORT!B7) | D7: Yes | N7: =$Q$4 + RAND() -> 0.96534284 | O7: =IF(N7="", "", _xlfn.RANK.EQ(N7, $N$2:$N$120) + COUNTIF($N$2:N7, N7) - 1) -> 4
A8: 7 | B8: =IF(DATA_IMPORT!A8="", "", DATA_IMPORT!A8) | C8: =IF(DATA_IMPORT!B8="", "", DATA_IMPORT!B8) | D8: Yes | N8: =$Q$4 + RAND() -> 0.7790422 | O8: =IF(N8="", "", _xlfn.RANK.EQ(N8, $N$2:$N$120) + COUNTIF($N$2:N8, N8) - 1) -> 27
A9: 8 | B9: =IF(DATA_IMPORT!A9="", "", DATA_IMPORT!A9) | C9: =IF(DATA_IMPORT!B9="", "", DATA_IMPORT!B9) | D9: Yes | N9: =$Q$4 + RAND() -> 0.013633362 | O9: =IF(N9="", "", _xlfn.RANK.EQ(N9, $N$2:$N$120) + COUNTIF($N$2:N9, N9) - 1) -> 119
A10: 9 | B10: =IF(DATA_IMPORT!A10="", "", DATA_IMPORT!A10) | C10: =IF(DATA_IMPORT!B10="", "", DATA_IMPORT!B10) | D10: Yes | N10: =$Q$4 + RAND() -> 0.57271529 | O10: =IF(N10="", "", _xlfn.RANK.EQ(N10, $N$2:$N$120) + COUNTIF($N$2:N10, N10) - 1) -> 56
A11: 10 | B11: =IF(DATA_IMPORT!A11="", "", DATA_IMPORT!A11) | C11: =IF(DATA_IMPORT!B11="", "", DATA_IMPORT!B11) | D11: Yes | N11: =$Q$4 + RAND() -> 0.37379334 | O11: =IF(N11="", "", _xlfn.RANK.EQ(N11, $N$2:$N$120) + COUNTIF($N$2:N11, N11) - 1) -> 84
A12: 11 | B12: =IF(DATA_IMPORT!A12="", "", DATA_IMPORT!A12) | C12: =IF(DATA_IMPORT!B12="", "", DATA_IMPORT!B12) | D12: Yes | N12: =$Q$4 + RAND() -> 0.56640989 | O12: =IF(N12="", "", _xlfn.RANK.EQ(N12, $N$2:$N$120) + COUNTIF($N$2:N12, N12) - 1) -> 58
A13: 12 | B13: =IF(DATA_IMPORT!A13="", "", DATA_IMPORT!A13) | C13: =IF(DATA_IMPORT!B13="", "", DATA_IMPORT!B13) | D13: Yes | N13: =$Q$4 + RAND() -> 0.29333424 | O13: =IF(N13="", "", _xlfn.RANK.EQ(N13, $N$2:$N$120) + COUNTIF($N$2:N13, N13) - 1) -> 96
A14: 13 | B14: =IF(DATA_IMPORT!A14="", "", DATA_IMPORT!A14) | C14: =IF(DATA_IMPORT!B14="", "", DATA_IMPORT!B14) | D14: Yes | N14: =$Q$4 + RAND() -> 0.4514847 | O14: =IF(N14="", "", _xlfn.RANK.EQ(N14, $N$2:$N$120) + COUNTIF($N$2:N14, N14) - 1) -> 73
A15: 14 | B15: =IF(DATA_IMPORT!A15="", "", DATA_IMPORT!A15) | C15: =IF(DATA_IMPORT!B15="", "", DATA_IMPORT!B15) | D15: Yes | N15: =$Q$4 + RAND() -> 0.72270001 | O15: =IF(N15="", "", _xlfn.RANK.EQ(N15, $N$2:$N$120) + COUNTIF($N$2:N15, N15) - 1) -> 36
A16: 15 | B16: =IF(DATA_IMPORT!A16="", "", DATA_IMPORT!A16) | C16: =IF(DATA_IMPORT!B16="", "", DATA_IMPORT!B16) | D16: Yes | N16: =$Q$4 + RAND() -> 0.84242064 | O16: =IF(N16="", "", _xlfn.RANK.EQ(N16, $N$2:$N$120) + COUNTIF($N$2:N16, N16) - 1) -> 16
A17: 16 | B17: =IF(DATA_IMPORT!A17="", "", DATA_IMPORT!A17) | C17: =IF(DATA_IMPORT!B17="", "", DATA_IMPORT!B17) | D17: Yes | N17: =$Q$4 + RAND() -> 0.2010477 | O17: =IF(N17="", "", _xlfn.RANK.EQ(N17, $N$2:$N$120) + COUNTIF($N$2:N17, N17) - 1) -> 103
A18: 17 | B18: =IF(DATA_IMPORT!A18="", "", DATA_IMPORT!A18) | C18: =IF(DATA_IMPORT!B18="", "", DATA_IMPORT!B18) | D18: Yes | N18: =$Q$4 + RAND() -> 0.64611833 | O18: =IF(N18="", "", _xlfn.RANK.EQ(N18, $N$2:$N$120) + COUNTIF($N$2:N18, N18) - 1) -> 46 | Q18: For Admin Only: To Unlock Randomiser
A19: 18 | B19: =IF(DATA_IMPORT!A19="", "", DATA_IMPORT!A19) | C19: =IF(DATA_IMPORT!B19="", "", DATA_IMPORT!B19) | D19: Yes | N19: =$Q$4 + RAND() -> 0.64735311 | O19: =IF(N19="", "", _xlfn.RANK.EQ(N19, $N$2:$N$120) + COUNTIF($N$2:N19, N19) - 1) -> 44 | Q19: Paste this formula into cell N2 =$Q$4 + RAND()
A20: 19 | B20: =IF(DATA_IMPORT!A20="", "", DATA_IMPORT!A20) | C20: =IF(DATA_IMPORT!B20="", "", DATA_IMPORT!B20) | D20: Yes | N20: =$Q$4 + RAND() -> 0.9678527 | O20: =IF(N20="", "", _xlfn.RANK.EQ(N20, $N$2:$N$120) + COUNTIF($N$2:N20, N20) - 1) -> 3 | Q20: Click the cell where you just pasted the formula (e.g., N2).
A21: 20 | B21: =IF(DATA_IMPORT!A21="", "", DATA_IMPORT!A21) | C21: =IF(DATA_IMPORT!B21="", "", DATA_IMPORT!B21) | D21: Yes | N21: =$Q$4 + RAND() -> 0.22828534 | O21: =IF(N21="", "", _xlfn.RANK.EQ(N21, $N$2:$N$120) + COUNTIF($N$2:N21, N21) - 1) -> 99 | Q21: Grab the tiny green square (the fill handle) in the bottom-right corner.
A22: 21 | B22: =IF(DATA_IMPORT!A22="", "", DATA_IMPORT!A22) | C22: =IF(DATA_IMPORT!B22="", "", DATA_IMPORT!B22) | D22: Yes | N22: =$Q$4 + RAND() -> 0.58652724 | O22: =IF(N22="", "", _xlfn.RANK.EQ(N22, $N$2:$N$120) + COUNTIF($N$2:N22, N22) - 1) -> 54 | Q22: Drag it down to the bottom of your angler list.
A23: 22 | B23: =IF(DATA_IMPORT!A23="", "", DATA_IMPORT!A23) | C23: =IF(DATA_IMPORT!B23="", "", DATA_IMPORT!B23) | D23: Yes | N23: =$Q$4 + RAND() -> 0.51267464 | O23: =IF(N23="", "", _xlfn.RANK.EQ(N23, $N$2:$N$120) + COUNTIF($N$2:N23, N23) - 1) -> 65 | Q23: Randomiser is working again
A24: 23 | B24: =IF(DATA_IMPORT!A24="", "", DATA_IMPORT!A24) | C24: =IF(DATA_IMPORT!B24="", "", DATA_IMPORT!B24) | D24: Yes | N24: =$Q$4 + RAND() -> 0.57638452 | O24: =IF(N24="", "", _xlfn.RANK.EQ(N24, $N$2:$N$120) + COUNTIF($N$2:N24, N24) - 1) -> 55
A25: 24 | B25: =IF(DATA_IMPORT!A25="", "", DATA_IMPORT!A25) | C25: =IF(DATA_IMPORT!B25="", "", DATA_IMPORT!B25) | D25: Yes | N25: =$Q$4 + RAND() -> 0.72674559 | O25: =IF(N25="", "", _xlfn.RANK.EQ(N25, $N$2:$N$120) + COUNTIF($N$2:N25, N25) - 1) -> 35
A26: 25 | B26: =IF(DATA_IMPORT!A26="", "", DATA_IMPORT!A26) | C26: =IF(DATA_IMPORT!B26="", "", DATA_IMPORT!B26) | D26: Yes | N26: =$Q$4 + RAND() -> 0.51187496 | O26: =IF(N26="", "", _xlfn.RANK.EQ(N26, $N$2:$N$120) + COUNTIF($N$2:N26, N26) - 1) -> 66
A27: 26 | B27: =IF(DATA_IMPORT!A27="", "", DATA_IMPORT!A27) | C27: =IF(DATA_IMPORT!B27="", "", DATA_IMPORT!B27) | D27: Yes | N27: =$Q$4 + RAND() -> 0.14420937 | O27: =IF(N27="", "", _xlfn.RANK.EQ(N27, $N$2:$N$120) + COUNTIF($N$2:N27, N27) - 1) -> 110
A28: 27 | B28: =IF(DATA_IMPORT!A28="", "", DATA_IMPORT!A28) | C28: =IF(DATA_IMPORT!B28="", "", DATA_IMPORT!B28) | D28: Yes | N28: =$Q$4 + RAND() -> 0.14068343 | O28: =IF(N28="", "", _xlfn.RANK.EQ(N28, $N$2:$N$120) + COUNTIF($N$2:N28, N28) - 1) -> 111
A29: 28 | B29: =IF(DATA_IMPORT!A29="", "", DATA_IMPORT!A29) | C29: =IF(DATA_IMPORT!B29="", "", DATA_IMPORT!B29) | D29: Yes | N29: =$Q$4 + RAND() -> 0.060942194 | O29: =IF(N29="", "", _xlfn.RANK.EQ(N29, $N$2:$N$120) + COUNTIF($N$2:N29, N29) - 1) -> 115
A30: 29 | B30: =IF(DATA_IMPORT!A30="", "", DATA_IMPORT!A30) | C30: =IF(DATA_IMPORT!B30="", "", DATA_IMPORT!B30) | D30: Yes | N30: =$Q$4 + RAND() -> 0.31090115 | O30: =IF(N30="", "", _xlfn.RANK.EQ(N30, $N$2:$N$120) + COUNTIF($N$2:N30, N30) - 1) -> 94
A31: 30 | B31: =IF(DATA_IMPORT!A31="", "", DATA_IMPORT!A31) | C31: =IF(DATA_IMPORT!B31="", "", DATA_IMPORT!B31) | D31: Yes | N31: =$Q$4 + RAND() -> 0.72153302 | O31: =IF(N31="", "", _xlfn.RANK.EQ(N31, $N$2:$N$120) + COUNTIF($N$2:N31, N31) - 1) -> 37
A32: 31 | B32: =IF(DATA_IMPORT!A32="", "", DATA_IMPORT!A32) | C32: =IF(DATA_IMPORT!B32="", "", DATA_IMPORT!B32) | D32: Yes | N32: =$Q$4 + RAND() -> 0.49489331 | O32: =IF(N32="", "", _xlfn.RANK.EQ(N32, $N$2:$N$120) + COUNTIF($N$2:N32, N32) - 1) -> 67
A33: 32 | B33: =IF(DATA_IMPORT!A33="", "", DATA_IMPORT!A33) | C33: =IF(DATA_IMPORT!B33="", "", DATA_IMPORT!B33) | D33: Yes | N33: =$Q$4 + RAND() -> 0.48402427 | O33: =IF(N33="", "", _xlfn.RANK.EQ(N33, $N$2:$N$120) + COUNTIF($N$2:N33, N33) - 1) -> 69
A34: 33 | B34: =IF(DATA_IMPORT!A34="", "", DATA_IMPORT!A34) | C34: =IF(DATA_IMPORT!B34="", "", DATA_IMPORT!B34) | D34: Yes | N34: =$Q$4 + RAND() -> 0.029467787 | O34: =IF(N34="", "", _xlfn.RANK.EQ(N34, $N$2:$N$120) + COUNTIF($N$2:N34, N34) - 1) -> 118
A35: 34 | B35: =IF(DATA_IMPORT!A35="", "", DATA_IMPORT!A35) | C35: =IF(DATA_IMPORT!B35="", "", DATA_IMPORT!B35) | D35: Yes | N35: =$Q$4 + RAND() -> 0.85914397 | O35: =IF(N35="", "", _xlfn.RANK.EQ(N35, $N$2:$N$120) + COUNTIF($N$2:N35, N35) - 1) -> 14
... A61: 60 | B61: =IF(DATA_IMPORT!A61="", "", DATA_IMPORT!A61) | C61: =IF(DATA_IMPORT!B61="", "", DATA_IMPORT!B61) | D61: Yes | N61: =$Q$4 + RAND() -> 0.49479213 | O61: =IF(N61="", "", _xlfn.RANK.EQ(N61, $N$2:$N$120) + COUNTIF($N$2:N61, N61) - 1) -> 68
A62: 61 | B62: =IF(DATA_IMPORT!A62="", "", DATA_IMPORT!A62) | C62: =IF(DATA_IMPORT!B62="", "", DATA_IMPORT!B62) | N62: =$Q$4 + RAND() -> 0.19846 | O62: =IF(N62="", "", _xlfn.RANK.EQ(N62, $N$2:$N$120) + COUNTIF($N$2:N62, N62) - 1) -> 104
A63: 62 | B63: =IF(DATA_IMPORT!A63="", "", DATA_IMPORT!A63) | C63: =IF(DATA_IMPORT!B63="", "", DATA_IMPORT!B63) | N63: =$Q$4 + RAND() -> 0.56697864 | O63: =IF(N63="", "", _xlfn.RANK.EQ(N63, $N$2:$N$120) + COUNTIF($N$2:N63, N63) - 1) -> 57
A64: 63 | B64: =IF(DATA_IMPORT!A64="", "", DATA_IMPORT!A64) | C64: =IF(DATA_IMPORT!B64="", "", DATA_IMPORT!B64) | N64: =$Q$4 + RAND() -> 0.39555874 | O64: =IF(N64="", "", _xlfn.RANK.EQ(N64, $N$2:$N$120) + COUNTIF($N$2:N64, N64) - 1) -> 81
A65: 64 | B65: =IF(DATA_IMPORT!A65="", "", DATA_IMPORT!A65) | C65: =IF(DATA_IMPORT!B65="", "", DATA_IMPORT!B65) | N65: =$Q$4 + RAND() -> 0.65634673 | O65: =IF(N65="", "", _xlfn.RANK.EQ(N65, $N$2:$N$120) + COUNTIF($N$2:N65, N65) - 1) -> 42
A66: 65 | B66: =IF(DATA_IMPORT!A66="", "", DATA_IMPORT!A66) | C66: =IF(DATA_IMPORT!B66="", "", DATA_IMPORT!B66) | N66: =$Q$4 + RAND() -> 0.95613347 | O66: =IF(N66="", "", _xlfn.RANK.EQ(N66, $N$2:$N$120) + COUNTIF($N$2:N66, N66) - 1) -> 5
A67: 66 | B67: =IF(DATA_IMPORT!A67="", "", DATA_IMPORT!A67) | C67: =IF(DATA_IMPORT!B67="", "", DATA_IMPORT!B67) | N67: =$Q$4 + RAND() -> 0.18939841 | O67: =IF(N67="", "", _xlfn.RANK.EQ(N67, $N$2:$N$120) + COUNTIF($N$2:N67, N67) - 1) -> 105
A68: 67 | B68: =IF(DATA_IMPORT!A68="", "", DATA_IMPORT!A68) | C68: =IF(DATA_IMPORT!B68="", "", DATA_IMPORT!B68) | N68: =$Q$4 + RAND() -> 0.51773738 | O68: =IF(N68="", "", _xlfn.RANK.EQ(N68, $N$2:$N$120) + COUNTIF($N$2:N68, N68) - 1) -> 62
A69: 68 | B69: =IF(DATA_IMPORT!A69="", "", DATA_IMPORT!A69) | C69: =IF(DATA_IMPORT!B69="", "", DATA_IMPORT!B69) | N69: =$Q$4 + RAND() -> 0.47353335 | O69: =IF(N69="", "", _xlfn.RANK.EQ(N69, $N$2:$N$120) + COUNTIF($N$2:N69, N69) - 1) -> 71
A70: 69 | B70: =IF(DATA_IMPORT!A70="", "", DATA_IMPORT!A70) | C70: =IF(DATA_IMPORT!B70="", "", DATA_IMPORT!B70) | N70: =$Q$4 + RAND() -> 0.80774821 | O70: =IF(N70="", "", _xlfn.RANK.EQ(N70, $N$2:$N$120) + COUNTIF($N$2:N70, N70) - 1) -> 19
A71: 70 | B71: =IF(DATA_IMPORT!A71="", "", DATA_IMPORT!A71) | C71: =IF(DATA_IMPORT!B71="", "", DATA_IMPORT!B71) | N71: =$Q$4 + RAND() -> 0.84089664 | O71: =IF(N71="", "", _xlfn.RANK.EQ(N71, $N$2:$N$120) + COUNTIF($N$2:N71, N71) - 1) -> 17
A72: 71 | B72: =IF(DATA_IMPORT!A72="", "", DATA_IMPORT!A72) | C72: =IF(DATA_IMPORT!B72="", "", DATA_IMPORT!B72) | N72: =$Q$4 + RAND() -> 0.63921978 | O72: =IF(N72="", "", _xlfn.RANK.EQ(N72, $N$2:$N$120) + COUNTIF($N$2:N72, N72) - 1) -> 47
A73: 72 | B73: =IF(DATA_IMPORT!A73="", "", DATA_IMPORT!A73) | C73: =IF(DATA_IMPORT!B73="", "", DATA_IMPORT!B73) | N73: =$Q$4 + RAND() -> 0.044885757 | O73: =IF(N73="", "", _xlfn.RANK.EQ(N73, $N$2:$N$120) + COUNTIF($N$2:N73, N73) - 1) -> 117
... A120: 119 | B120: =IF(DATA_IMPORT!A120="", "", DATA_IMPORT!A120) | C120: =IF(DATA_IMPORT!B120="", "", DATA_IMPORT!B120) | N120: =$Q$4 + RAND() -> 0.40293276 | O120: =IF(N120="", "", _xlfn.RANK.EQ(N120, $N$2:$N$120) + COUNTIF($N$2:N120, N120) - 1) -> 79
A121: 120 | B121: =IF(DATA_IMPORT!A121="", "", DATA_IMPORT!A121) | C121: =IF(DATA_IMPORT!B121="", "", DATA_IMPORT!B121) | N121: =$Q$4 + RAND() -> 0.3037648
A122: 121 | B122: =IF(DATA_IMPORT!A122="", "", DATA_IMPORT!A122) | C122: =IF(DATA_IMPORT!B122="", "", DATA_IMPORT!B122) | N122: =$Q$4 + RAND() -> 0.75548586
A123: 122 | B123: =IF(DATA_IMPORT!A123="", "", DATA_IMPORT!A123) | C123: =IF(DATA_IMPORT!B123="", "", DATA_IMPORT!B123) | N123: =$Q$4 + RAND() -> 0.84151143
A124: 123 | B124: =IF(DATA_IMPORT!A124="", "", DATA_IMPORT!A124) | C124: =IF(DATA_IMPORT!B124="", "", DATA_IMPORT!B124) | N124: =$Q$4 + RAND() -> 0.22299314
A125: 124 | B125: =IF(DATA_IMPORT!A125="", "", DATA_IMPORT!A125) | C125: =IF(DATA_IMPORT!B125="", "", DATA_IMPORT!B125) | N125: =$Q$4 + RAND() -> 0.86575011
A126: 125 | B126: =IF(DATA_IMPORT!A126="", "", DATA_IMPORT!A126) | C126: =IF(DATA_IMPORT!B126="", "", DATA_IMPORT!B126) | N126: =$Q$4 + RAND() -> 0.85186374
A127: 126 | B127: =IF(DATA_IMPORT!A127="", "", DATA_IMPORT!A127) | C127: =IF(DATA_IMPORT!B127="", "", DATA_IMPORT!B127) | N127: =$Q$4 + RAND() -> 0.02806985
A128: 127 | B128: =IF(DATA_IMPORT!A128="", "", DATA_IMPORT!A128) | C128: =IF(DATA_IMPORT!B128="", "", DATA_IMPORT!B128) | N128: =$Q$4 + RAND() -> 0.35071304
A129: 128 | B129: =IF(DATA_IMPORT!A129="", "", DATA_IMPORT!A129) | C129: =IF(DATA_IMPORT!B129="", "", DATA_IMPORT!B129) | N129: =$Q$4 + RAND() -> 0.94204835

Sheet DAY 1 SCORES
B1: DAY 1 SCORES
B2: SEARCH
A3: ID | B3: NAME | C3: ZONE | D3: LENGTH | E3: SPECIES | F3: FISH COUNT | G3: BIGGEST FISH | H3: POINTS | I3: MASTER SCORE
A4: 1 | B4: =IF(DATA_IMPORT!A2="", "", DATA_IMPORT!A2) | C4: =IF(DATA_IMPORT!C2="", "", DATA_IMPORT!C2) | H4: =IF(D4=0, COUNTIF($C$4:$C$123, C4), COUNTIFS($C$4:$C$123, C4, $I$4:$I$123, ">"&I4) + 1) -> 120 | I4: =D4 + (F4/1000) + (G4/1000000) + (E4/1000000000) + (A4/100000000000) -> 1e-11 | J4: =C4 & (COUNTIFS($C$4:$C$123, C4, $H$4:$H$123, "<"&H4) + COUNTIFS($C$4:C4, C4, $H$4:H4, H4)) -> 1 | K4: =D4 & "/" & F4 & "/" & G4 & "/" & E4 -> /// | T4: =_xlfn.XLOOKUP(B4, REGISTRATION!B:B, REGISTRATION!C:C, "No Team")
A5: 2 | B5: =IF(DATA_IMPORT!A3="", "", DATA_IMPORT!A3) | C5: =IF(DATA_IMPORT!C3="", "", DATA_IMPORT!C3) | H5: =IF(D5=0, COUNTIF($C$4:$C$123, C5), COUNTIFS($C$4:$C$123, C5, $I$4:$I$123, ">"&I5) + 1) -> 120 | I5: =D5 + (F5/1000) + (G5/1000000) + (E5/1000000000) + (A5/100000000000) -> 2e-11 | J5: =C5 & (COUNTIFS($C$4:$C$123, C5, $H$4:$H$123, "<"&H5) + COUNTIFS($C$4:C5, C5, $H$4:H5, H5)) -> 2 | K5: =D5 & "/" & F5 & "/" & G5 & "/" & E5 -> /// | T5: =_xlfn.XLOOKUP(B5, REGISTRATION!B:B, REGISTRATION!C:C, "No Team")
A6: 3 | B6: =IF(DATA_IMPORT!A4="", "", DATA_IMPORT!A4) | C6: =IF(DATA_IMPORT!C4="", "", DATA_IMPORT!C4) | H6: =IF(D6=0, COUNTIF($C$4:$C$123, C6), COUNTIFS($C$4:$C$123, C6, $I$4:$I$123, ">"&I6) + 1) -> 120 | I6: =D6 + (F6/1000) + (G6/1000000) + (E6/1000000000) + (A6/100000000000) -> 3e-11 | J6: =C6 & (COUNTIFS($C$4:$C$123, C6, $H$4:$H$123, "<"&H6) + COUNTIFS($C$4:C6, C6, $H$4:H6, H6)) -> 3 | K6: =D6 & "/" & F6 & "/" & G6 & "/" & E6 -> /// | T6: =_xlfn.XLOOKUP(B6, REGISTRATION!B:B, REGISTRATION!C:C, "No Team")
A7: 4 | B7: =IF(DATA_IMPORT!A5="", "", DATA_IMPORT!A5) | C7: =IF(DATA_IMPORT!C5="", "", DATA_IMPORT!C5) | H7: =IF(D7=0, COUNTIF($C$4:$C$123, C7), COUNTIFS($C$4:$C$123, C7, $I$4:$I$123, ">"&I7) + 1) -> 120 | I7: =D7 + (F7/1000) + (G7/1000000) + (E7/1000000000) + (A7/100000000000) -> 4e-11 | J7: =C7 & (COUNTIFS($C$4:$C$123, C7, $H$4:$H$123, "<"&H7) + COUNTIFS($C$4:C7, C7, $H$4:H7, H7)) -> 4 | K7: =D7 & "/" & F7 & "/" & G7 & "/" & E7 -> /// | T7: =_xlfn.XLOOKUP(B7, REGISTRATION!B:B, REGISTRATION!C:C, "No Team")
A8: 5 | B8: =IF(DATA_IMPORT!A6="", "", DATA_IMPORT!A6) | C8: =IF(DATA_IMPORT!C6="", "", DATA_IMPORT!C6) | H8: =IF(D8=0, COUNTIF($C$4:$C$123, C8), COUNTIFS($C$4:$C$123, C8, $I$4:$I$123, ">"&I8) + 1) -> 120 | I8: =D8 + (F8/1000) + (G8/1000000) + (E8/1000000000) + (A8/100000000000) -> 5e-11 | J8: =C8 & (COUNTIFS($C$4:$C$123, C8, $H$4:$H$123, "<"&H8) + COUNTIFS($C$4:C8, C8, $H$4:H8, H8)) -> 5 | K8: =D8 & "/" & F8 & "/" & G8 & "/" & E8 -> /// | T8: =_xlfn.XLOOKUP(B8, REGISTRATION!B:B, REGISTRATION!C:C, "No Team")
A9: 6 | B9: =IF(DATA_IMPORT!A7="", "", DATA_IMPORT!A7) | C9: =IF(DATA_IMPORT!C7="", "", DATA_IMPORT!C7) | H9: =IF(D9=0, COUNTIF($C$4:$C$123, C9), COUNTIFS($C$4:$C$123, C9, $I$4:$I$123, ">"&I9) + 1) -> 120 | I9: =D9 + (F9/1000) + (G9/1000000) + (E9/1000000000) + (A9/100000000000) -> 6e-11 | J9: =C9 & (COUNTIFS($C$4:$C$123, C9, $H$4:$H$123, "<"&H9) + COUNTIFS($C$4:C9, C9, $H$4:H9, H9)) -> 6 | K9: =D9 & "/" & F9 & "/" & G9 & "/" & E9 -> /// | T9: =_xlfn.XLOOKUP(B9, REGISTRATION!B:B, REGISTRATION!C:C, "No Team")
A10: 7 | B10: =IF(DATA_IMPORT!A8="", "", DATA_IMPORT!A8) | C10: =IF(DATA_IMPORT!C8="", "", DATA_IMPORT!C8) | H10: =IF(D10=0, COUNTIF($C$4:$C$123, C10), COUNTIFS($C$4:$C$123, C10, $I$4:$I$123, ">"&I10) + 1) -> 120 | I10: =D10 + (F10/1000) + (G10/1000000) + (E10/1000000000) + (A10/100000000000) -> 7e-11 | J10: =C10 & (COUNTIFS($C$4:$C$123, C10, $H$4:$H$123, "<"&H10) + COUNTIFS($C$4:C10, C10, $H$4:H10, H10)) -> 7 | K10: =D10 & "/" & F10 & "/" & G10 & "/" & E10 -> /// | T10: =_xlfn.XLOOKUP(B10, REGISTRATION!B:B, REGISTRATION!C:C, "No Team")
A11: 8 | B11: =IF(DATA_IMPORT!A9="", "", DATA_IMPORT!A9) | C11: =IF(DATA_IMPORT!C9="", "", DATA_IMPORT!C9) | H11: =IF(D11=0, COUNTIF($C$4:$C$123, C11), COUNTIFS($C$4:$C$123, C11, $I$4:$I$123, ">"&I11) + 1) -> 120 | I11: =D11 + (F11/1000) + (G11/1000000) + (E11/1000000000) + (A11/100000000000) -> 8e-11 | J11: =C11 & (COUNTIFS($C$4:$C$123, C11, $H$4:$H$123, "<"&H11) + COUNTIFS($C$4:C11, C11, $H$4:H11, H11)) -> 8 | K11: =D11 & "/" & F11 & "/" & G11 & "/" & E11 -> /// | T11: =_xlfn.XLOOKUP(B11, REGISTRATION!B:B, REGISTRATION!C:C, "No Team")
A12: 9 | B12: =IF(DATA_IMPORT!A10="", "", DATA_IMPORT!A10) | C12: =IF(DATA_IMPORT!C10="", "", DATA_IMPORT!C10) | H12: =IF(D12=0, COUNTIF($C$4:$C$123, C12), COUNTIFS($C$4:$C$123, C12, $I$4:$I$123, ">"&I12) + 1) -> 120 | I12: =D12 + (F12/1000) + (G12/1000000) + (E12/1000000000) + (A12/100000000000) -> 9e-11 | J12: =C12 & (COUNTIFS($C$4:$C$123, C12, $H$4:$H$123, "<"&H12) + COUNTIFS($C$4:C12, C12, $H$4:H12, H12)) -> 9 | K12: =D12 & "/" & F12 & "/" & G12 & "/" & E12 -> /// | T12: =_xlfn.XLOOKUP(B12, REGISTRATION!B:B, REGISTRATION!C:C, "No Team")
A13: 10 | B13: =IF(DATA_IMPORT!A11="", "", DATA_IMPORT!A11) | C13: =IF(DATA_IMPORT!C11="", "", DATA_IMPORT!C11) | H13: =IF(D13=0, COUNTIF($C$4:$C$123, C13), COUNTIFS($C$4:$C$123, C13, $I$4:$I$123, ">"&I13) + 1) -> 120 | I13: =D13 + (F13/1000) + (G13/1000000) + (E13/1000000000) + (A13/100000000000) -> 1e-10 | J13: =C13 & (COUNTIFS($C$4:$C$123, C13, $H$4:$H$123, "<"&H13) + COUNTIFS($C$4:C13, C13, $H$4:H13, H13)) -> 10 | K13: =D13 & "/" & F13 & "/" & G13 & "/" & E13 -> /// | T13: =_xlfn.XLOOKUP(B13, REGISTRATION!B:B, REGISTRATION!C:C, "No Team")
A14: 11 | B14: =IF(DATA_IMPORT!A12="", "", DATA_IMPORT!A12) | C14: =IF(DATA_IMPORT!C12="", "", DATA_IMPORT!C12) | H14: =IF(D14=0, COUNTIF($C$4:$C$123, C14), COUNTIFS($C$4:$C$123, C14, $I$4:$I$123, ">"&I14) + 1) -> 120 | I14: =D14 + (F14/1000) + (G14/1000000) + (E14/1000000000) + (A14/100000000000) -> 1.1e-10 | J14: =C14 & (COUNTIFS($C$4:$C$123, C14, $H$4:$H$123, "<"&H14) + COUNTIFS($C$4:C14, C14, $H$4:H14, H14)) -> 11 | K14: =D14 & "/" & F14 & "/" & G14 & "/" & E14 -> /// | T14: =_xlfn.XLOOKUP(B14, REGISTRATION!B:B, REGISTRATION!C:C, "No Team")
A15: 12 | B15: =IF(DATA_IMPORT!A13="", "", DATA_IMPORT!A13) | C15: =IF(DATA_IMPORT!C13="", "", DATA_IMPORT!C13) | H15: =IF(D15=0, COUNTIF($C$4:$C$123, C15), COUNTIFS($C$4:$C$123, C15, $I$4:$I$123, ">"&I15) + 1) -> 120 | I15: =D15 + (F15/1000) + (G15/1000000) + (E15/1000000000) + (A15/100000000000) -> 1.2e-10 | J15: =C15 & (COUNTIFS($C$4:$C$123, C15, $H$4:$H$123, "<"&H15) + COUNTIFS($C$4:C15, C15, $H$4:H15, H15)) -> 12 | K15: =D15 & "/" & F15 & "/" & G15 & "/" & E15 -> /// | T15: =_xlfn.XLOOKUP(B15, REGISTRATION!B:B, REGISTRATION!C:C, "No Team")
A16: 13 | B16: =IF(DATA_IMPORT!A14="", "", DATA_IMPORT!A14) | C16: =IF(DATA_IMPORT!C14="", "", DATA_IMPORT!C14) | H16: =IF(D16=0, COUNTIF($C$4:$C$123, C16), COUNTIFS($C$4:$C$123, C16, $I$4:$I$123, ">"&I16) + 1) -> 120 | I16: =D16 + (F16/1000) + (G16/1000000) + (E16/1000000000) + (A16/100000000000) -> 1.3e-10 | J16: =C16 & (COUNTIFS($C$4:$C$123, C16, $H$4:$H$123, "<"&H16) + COUNTIFS($C$4:C16, C16, $H$4:H16, H16)) -> 13 | K16: =D16 & "/" & F16 & "/" & G16 & "/" & E16 -> /// | T16: =_xlfn.XLOOKUP(B16, REGISTRATION!B:B, REGISTRATION!C:C, "No Team")
A17: 14 | B17: =IF(DATA_IMPORT!A15="", "", DATA_IMPORT!A15) | C17: =IF(DATA_IMPORT!C15="", "", DATA_IMPORT!C15) | H17: =IF(D17=0, COUNTIF($C$4:$C$123, C17), COUNTIFS($C$4:$C$123, C17, $I$4:$I$123, ">"&I17) + 1) -> 120 | I17: =D17 + (F17/1000) + (G17/1000000) + (E17/1000000000) + (A17/100000000000) -> 1.4e-10 | J17: =C17 & (COUNTIFS($C$4:$C$123, C17, $H$4:$H$123, "<"&H17) + COUNTIFS($C$4:C17, C17, $H$4:H17, H17)) -> 14 | K17: =D17 & "/" & F17 & "/" & G17 & "/" & E17 -> /// | T17: =_xlfn.XLOOKUP(B17, REGISTRATION!B:B, REGISTRATION!C:C, "No Team") | U17: =COUNTIF('DAY 1 SCORES'!$C$4:$C$123, "?*") -> 0
A18: 15 | B18: =IF(DATA_IMPORT!A16="", "", DATA_IMPORT!A16) | C18: =IF(DATA_IMPORT!C16="", "", DATA_IMPORT!C16) | H18: =IF(D18=0, COUNTIF($C$4:$C$123, C18), COUNTIFS($C$4:$C$123, C18, $I$4:$I$123, ">"&I18) + 1) -> 120 | I18: =D18 + (F18/1000) + (G18/1000000) + (E18/1000000000) + (A18/100000000000) -> 1.5e-10 | J18: =C18 & (COUNTIFS($C$4:$C$123, C18, $H$4:$H$123, "<"&H18) + COUNTIFS($C$4:C18, C18, $H$4:H18, H18)) -> 15 | K18: =D18 & "/" & F18 & "/" & G18 & "/" & E18 -> /// | T18: =_xlfn.XLOOKUP(B18, REGISTRATION!B:B, REGISTRATION!C:C, "No Team")
A19: 16 | B19: =IF(DATA_IMPORT!A17="", "", DATA_IMPORT!A17) | C19: =IF(DATA_IMPORT!C17="", "", DATA_IMPORT!C17) | H19: =IF(D19=0, COUNTIF($C$4:$C$123, C19), COUNTIFS($C$4:$C$123, C19, $I$4:$I$123, ">"&I19) + 1) -> 120 | I19: =D19 + (F19/1000) + (G19/1000000) + (E19/1000000000) + (A19/100000000000) -> 1.6e-10 | J19: =C19 & (COUNTIFS($C$4:$C$123, C19, $H$4:$H$123, "<"&H19) + COUNTIFS($C$4:C19, C19, $H$4:H19, H19)) -> 16 | K19: =D19 & "/" & F19 & "/" & G19 & "/" & E19 -> /// | T19: =_xlfn.XLOOKUP(B19, REGISTRATION!B:B, REGISTRATION!C:C, "No Team")
A20: 17 | B20: =IF(DATA_IMPORT!A18="", "", DATA_IMPORT!A18) | C20: =IF(DATA_IMPORT!C18="", "", DATA_IMPORT!C18) | H20: =IF(D20=0, COUNTIF($C$4:$C$123, C20), COUNTIFS($C$4:$C$123, C20, $I$4:$I$123, ">"&I20) + 1) -> 120 | I20: =D20 + (F20/1000) + (G20/1000000) + (E20/1000000000) + (A20/100000000000) -> 1.7e-10 | J20: =C20 & (COUNTIFS($C$4:$C$123, C20, $H$4:$H$123, "<"&H20) + COUNTIFS($C$4:C20, C20, $H$4:H20, H20)) -> 17 | K20: =D20 & "/" & F20 & "/" & G20 & "/" & E20 -> /// | T20: =_xlfn.XLOOKUP(B20, REGISTRATION!B:B, REGISTRATION!C:C, "No Team")
A21: 18 | B21: =IF(DATA_IMPORT!A19="", "", DATA_IMPORT!A19) | C21: =IF(DATA_IMPORT!C19="", "", DATA_IMPORT!C19) | H21: =IF(D21=0, COUNTIF($C$4:$C$123, C21), COUNTIFS($C$4:$C$123, C21, $I$4:$I$123, ">"&I21) + 1) -> 120 | I21: =D21 + (F21/1000) + (G21/1000000) + (E21/1000000000) + (A21/100000000000) -> 1.8e-10 | J21: =C21 & (COUNTIFS($C$4:$C$123, C21, $H$4:$H$123, "<"&H21) + COUNTIFS($C$4:C21, C21, $H$4:H21, H21)) -> 18 | K21: =D21 & "/" & F21 & "/" & G21 & "/" & E21 -> /// | T21: =_xlfn.XLOOKUP(B21, REGISTRATION!B:B, REGISTRATION!C:C, "No Team")
A22: 19 | B22: =IF(DATA_IMPORT!A20="", "", DATA_IMPORT!A20) | C22: =IF(DATA_IMPORT!C20="", "", DATA_IMPORT!C20) | H22: =IF(D22=0, COUNTIF($C$4:$C$123, C22), COUNTIFS($C$4:$C$123, C22, $I$4:$I$123, ">"&I22) + 1) -> 120 | I22: =D22 + (F22/1000) + (G22/1000000) + (E22/1000000000) + (A22/100000000000) -> 1.9e-10 | J22: =C22 & (COUNTIFS($C$4:$C$123, C22, $H$4:$H$123, "<"&H22) + COUNTIFS($C$4:C22, C22, $H$4:H22, H22)) -> 19 | K22: =D22 & "/" & F22 & "/" & G22 & "/" & E22 -> /// | T22: =_xlfn.XLOOKUP(B22, REGISTRATION!B:B, REGISTRATION!C:C, "No Team")
A23: 20 | B23: =IF(DATA_IMPORT!A21="", "", DATA_IMPORT!A21) | C23: =IF(DATA_IMPORT!C21="", "", DATA_IMPORT!C21) | H23: =IF(D23=0, COUNTIF($C$4:$C$123, C23), COUNTIFS($C$4:$C$123, C23, $I$4:$I$123, ">"&I23) + 1) -> 120 | I23: =D23 + (F23/1000) + (G23/1000000) + (E23/1000000000) + (A23/100000000000) -> 2e-10 | J23: =C23 & (COUNTIFS($C$4:$C$123, C23, $H$4:$H$123, "<"&H23) + COUNTIFS($C$4:C23, C23, $H$4:H23, H23)) -> 20 | K23: =D23 & "/" & F23 & "/" & G23 & "/" & E23 -> /// | T23: =_xlfn.XLOOKUP(B23, REGISTRATION!B:B, REGISTRATION!C:C, "No Team")
A24: 21 | B24: =IF(DATA_IMPORT!A22="", "", DATA_IMPORT!A22) | C24: =IF(DATA_IMPORT!C22="", "", DATA_IMPORT!C22) | H24: =IF(D24=0, COUNTIF($C$4:$C$123, C24), COUNTIFS($C$4:$C$123, C24, $I$4:$I$123, ">"&I24) + 1) -> 120 | I24: =D24 + (F24/1000) + (G24/1000000) + (E24/1000000000) + (A24/100000000000) -> 2.1e-10 | J24: =C24 & (COUNTIFS($C$4:$C$123, C24, $H$4:$H$123, "<"&H24) + COUNTIFS($C$4:C24, C24, $H$4:H24, H24)) -> 21 | K24: =D24 & "/" & F24 & "/" & G24 & "/" & E24 -> /// | T24: =_xlfn.XLOOKUP(B24, REGISTRATION!B:B, REGISTRATION!C:C, "No Team")
A25: 22 | B25: =IF(DATA_IMPORT!A23="", "", DATA_IMPORT!A23) | C25: =IF(DATA_IMPORT!C23="", "", DATA_IMPORT!C23) | H25: =IF(D25=0, COUNTIF($C$4:$C$123, C25), COUNTIFS($C$4:$C$123, C25, $I$4:$I$123, ">"&I25) + 1) -> 120 | I25: =D25 + (F25/1000) + (G25/1000000) + (E25/1000000000) + (A25/100000000000) -> 2.2e-10 | J25: =C25 & (COUNTIFS($C$4:$C$123, C25, $H$4:$H$123, "<"&H25) + COUNTIFS($C$4:C25, C25, $H$4:H25, H25)) -> 22 | K25: =D25 & "/" & F25 & "/" & G25 & "/" & E25 -> /// | T25: =_xlfn.XLOOKUP(B25, REGISTRATION!B:B, REGISTRATION!C:C, "No Team")
A26: 23 | B26: =IF(DATA_IMPORT!A24="", "", DATA_IMPORT!A24) | C26: =IF(DATA_IMPORT!C24="", "", DATA_IMPORT!C24) | H26: =IF(D26=0, COUNTIF($C$4:$C$123, C26), COUNTIFS($C$4:$C$123, C26, $I$4:$I$123, ">"&I26) + 1) -> 120 | I26: =D26 + (F26/1000) + (G26/1000000) + (E26/1000000000) + (A26/100000000000) -> 2.3e-10 | J26: =C26 & (COUNTIFS($C$4:$C$123, C26, $H$4:$H$123, "<"&H26) + COUNTIFS($C$4:C26, C26, $H$4:H26, H26)) -> 23 | K26: =D26 & "/" & F26 & "/" & G26 & "/" & E26 -> /// | T26: =_xlfn.XLOOKUP(B26, REGISTRATION!B:B, REGISTRATION!C:C, "No Team")
A27: 24 | B27: =IF(DATA_IMPORT!A25="", "", DATA_IMPORT!A25) | C27: =IF(DATA_IMPORT!C25="", "", DATA_IMPORT!C25) | H27: =IF(D27=0, COUNTIF($C$4:$C$123, C27), COUNTIFS($C$4:$C$123, C27, $I$4:$I$123, ">"&I27) + 1) -> 120 | I27: =D27 + (F27/1000) + (G27/1000000) + (E27/1000000000) + (A27/100000000000) -> 2.4e-10 | J27: =C27 & (COUNTIFS($C$4:$C$123, C27, $H$4:$H$123, "<"&H27) + COUNTIFS($C$4:C27, C27, $H$4:H27, H27)) -> 24 | K27: =D27 & "/" & F27 & "/" & G27 & "/" & E27 -> /// | T27: =_xlfn.XLOOKUP(B27, REGISTRATION!B:B, REGISTRATION!C:C, "No Team")
A28: 25 | B28: =IF(DATA_IMPORT!A26="", "", DATA_IMPORT!A26) | C28: =IF(DATA_IMPORT!C26="", "", DATA_IMPORT!C26) | H28: =IF(D28=0, COUNTIF($C$4:$C$123, C28), COUNTIFS($C$4:$C$123, C28, $I$4:$I$123, ">"&I28) + 1) -> 120 | I28: =D28 + (F28/1000) + (G28/1000000) + (E28/1000000000) + (A28/100000000000) -> 2.5e-10 | J28: =C28 & (COUNTIFS($C$4:$C$123, C28, $H$4:$H$123, "<"&H28) + COUNTIFS($C$4:C28, C28, $H$4:H28, H28)) -> 25 | K28: =D28 & "/" & F28 & "/" & G28 & "/" & E28 -> /// | T28: =_xlfn.XLOOKUP(B28, REGISTRATION!B:B, REGISTRATION!C:C, "No Team")
A29: 26 | B29: =IF(DATA_IMPORT!A27="", "", DATA_IMPORT!A27) | C29: =IF(DATA_IMPORT!C27="", "", DATA_IMPORT!C27) | H29: =IF(D29=0, COUNTIF($C$4:$C$123, C29), COUNTIFS($C$4:$C$123, C29, $I$4:$I$123, ">"&I29) + 1) -> 120 | I29: =D29 + (F29/1000) + (G29/1000000) + (E29/1000000000) + (A29/100000000000) -> 2.6e-10 | J29: =C29 & (COUNTIFS($C$4:$C$123, C29, $H$4:$H$123, "<"&H29) + COUNTIFS($C$4:C29, C29, $H$4:H29, H29)) -> 26 | K29: =D29 & "/" & F29 & "/" & G29 & "/" & E29 -> /// | T29: =_xlfn.XLOOKUP(B29, REGISTRATION!B:B, REGISTRATION!C:C, "No Team")
... A40: 37 | B40: =IF(DATA_IMPORT!A38="", "", DATA_IMPORT!A38) | C40: =IF(DATA_IMPORT!C38="", "", DATA_IMPORT!C38) | H40: =IF(D40=0, COUNTIF($C$4:$C$123, C40), COUNTIFS($C$4:$C$123, C40, $I$4:$I$123, ">"&I40) + 1) -> 120 | I40: =D40 + (F40/1000) + (G40/1000000) + (E40/1000000000) + (A40/100000000000) -> 3.7e-10 | J40: =C40 & (COUNTIFS($C$4:$C$123, C40, $H$4:$H$123, "<"&H40) + COUNTIFS($C$4:C40, C40, $H$4:H40, H40)) -> 37 | K40: =D40 & "/" & F40 & "/" & G40 & "/" & E40 -> /// | T40: =_xlfn.XLOOKUP(B40, REGISTRATION!B:B, REGISTRATION!C:C, "No Team")
A41: 38 | B41: =IF(DATA_IMPORT!A39="", "", DATA_IMPORT!A39) | C41: =IF(DATA_IMPORT!C39="", "", DATA_IMPORT!C39) | H41: =IF(D41=0, COUNTIF($C$4:$C$123, C41), COUNTIFS($C$4:$C$123, C41, $I$4:$I$123, ">"&I41) + 1) -> 120 | I41: =D41 + (F41/1000) + (G41/1000000) + (E41/1000000000) + (A41/100000000000) -> 3.8e-10 | J41: =C41 & (COUNTIFS($C$4:$C$123, C41, $H$4:$H$123, "<"&H41) + COUNTIFS($C$4:C41, C41, $H$4:H41, H41)) -> 38 | K41: =D41 & "/" & F41 & "/" & G41 & "/" & E41 -> ///
A42: 39 | B42: =IF(DATA_IMPORT!A40="", "", DATA_IMPORT!A40) | C42: =IF(DATA_IMPORT!C40="", "", DATA_IMPORT!C40) | H42: =IF(D42=0, COUNTIF($C$4:$C$123, C42), COUNTIFS($C$4:$C$123, C42, $I$4:$I$123, ">"&I42) + 1) -> 120 | I42: =D42 + (F42/1000) + (G42/1000000) + (E42/1000000000) + (A42/100000000000) -> 3.9e-10 | J42: =C42 & (COUNTIFS($C$4:$C$123, C42, $H$4:$H$123, "<"&H42) + COUNTIFS($C$4:C42, C42, $H$4:H42, H42)) -> 39 | K42: =D42 & "/" & F42 & "/" & G42 & "/" & E42 -> ///
A43: 40 | B43: =IF(DATA_IMPORT!A41="", "", DATA_IMPORT!A41) | C43: =IF(DATA_IMPORT!C41="", "", DATA_IMPORT!C41) | H43: =IF(D43=0, COUNTIF($C$4:$C$123, C43), COUNTIFS($C$4:$C$123, C43, $I$4:$I$123, ">"&I43) + 1) -> 120 | I43: =D43 + (F43/1000) + (G43/1000000) + (E43/1000000000) + (A43/100000000000) -> 4e-10 | J43: =C43 & (COUNTIFS($C$4:$C$123, C43, $H$4:$H$123, "<"&H43) + COUNTIFS($C$4:C43, C43, $H$4:H43, H43)) -> 40 | K43: =D43 & "/" & F43 & "/" & G43 & "/" & E43 -> ///
A44: 41 | B44: =IF(DATA_IMPORT!A42="", "", DATA_IMPORT!A42) | C44: =IF(DATA_IMPORT!C42="", "", DATA_IMPORT!C42) | H44: =IF(D44=0, COUNTIF($C$4:$C$123, C44), COUNTIFS($C$4:$C$123, C44, $I$4:$I$123, ">"&I44) + 1) -> 120 | I44: =D44 + (F44/1000) + (G44/1000000) + (E44/1000000000) + (A44/100000000000) -> 4.1e-10 | J44: =C44 & (COUNTIFS($C$4:$C$123, C44, $H$4:$H$123, "<"&H44) + COUNTIFS($C$4:C44, C44, $H$4:H44, H44)) -> 41 | K44: =D44 & "/" & F44 & "/" & G44 & "/" & E44 -> ///
A45: 42 | B45: =IF(DATA_IMPORT!A43="", "", DATA_IMPORT!A43) | C45: =IF(DATA_IMPORT!C43="", "", DATA_IMPORT!C43) | H45: =IF(D45=0, COUNTIF($C$4:$C$123, C45), COUNTIFS($C$4:$C$123, C45, $I$4:$I$123, ">"&I45) + 1) -> 120 | I45: =D45 + (F45/1000) + (G45/1000000) + (E45/1000000000) + (A45/100000000000) -> 4.2e-10 | J45: =C45 & (COUNTIFS($C$4:$C$123, C45, $H$4:$H$123, "<"&H45) + COUNTIFS($C$4:C45, C45, $H$4:H45, H45)) -> 42 | K45: =D45 & "/" & F45 & "/" & G45 & "/" & E45 -> ///
A46: 43 | B46: =IF(DATA_IMPORT!A44="", "", DATA_IMPORT!A44) | C46: =IF(DATA_IMPORT!C44="", "", DATA_IMPORT!C44) | H46: =IF(D46=0, COUNTIF($C$4:$C$123, C46), COUNTIFS($C$4:$C$123, C46, $I$4:$I$123, ">"&I46) + 1) -> 120 | I46: =D46 + (F46/1000) + (G46/1000000) + (E46/1000000000) + (A46/100000000000) -> 4.3e-10 | J46: =C46 & (COUNTIFS($C$4:$C$123, C46, $H$4:$H$123, "<"&H46) + COUNTIFS($C$4:C46, C46, $H$4:H46, H46)) -> 43 | K46: =D46 & "/" & F46 & "/" & G46 & "/" & E46 -> ///
A47: 44 | B47: =IF(DATA_IMPORT!A45="", "", DATA_IMPORT!A45) | C47: =IF(DATA_IMPORT!C45="", "", DATA_IMPORT!C45) | H47: =IF(D47=0, COUNTIF($C$4:$C$123, C47), COUNTIFS($C$4:$C$123, C47, $I$4:$I$123, ">"&I47) + 1) -> 120 | I47: =D47 + (F47/1000) + (G47/1000000) + (E47/1000000000) + (A47/100000000000) -> 4.4e-10 | J47: =C47 & (COUNTIFS($C$4:$C$123, C47, $H$4:$H$123, "<"&H47) + COUNTIFS($C$4:C47, C47, $H$4:H47, H47)) -> 44 | K47: =D47 & "/" & F47 & "/" & G47 & "/" & E47 -> ///
A48: 45 | B48: =IF(DATA_IMPORT!A46="", "", DATA_IMPORT!A46) | C48: =IF(DATA_IMPORT!C46="", "", DATA_IMPORT!C46) | H48: =IF(D48=0, COUNTIF($C$4:$C$123, C48), COUNTIFS($C$4:$C$123, C48, $I$4:$I$123, ">"&I48) + 1) -> 120 | I48: =D48 + (F48/1000) + (G48/1000000) + (E48/1000000000) + (A48/100000000000) -> 4.5e-10 | J48: =C48 & (COUNTIFS($C$4:$C$123, C48, $H$4:$H$123, "<"&H48) + COUNTIFS($C$4:C48, C48, $H$4:H48, H48)) -> 45 | K48: =D48 & "/" & F48 & "/" & G48 & "/" & E48 -> ///
A49: 46 | B49: =IF(DATA_IMPORT!A47="", "", DATA_IMPORT!A47) | C49: =IF(DATA_IMPORT!C47="", "", DATA_IMPORT!C47) | H49: =IF(D49=0, COUNTIF($C$4:$C$123, C49), COUNTIFS($C$4:$C$123, C49, $I$4:$I$123, ">"&I49) + 1) -> 120 | I49: =D49 + (F49/1000) + (G49/1000000) + (E49/1000000000) + (A49/100000000000) -> 4.6e-10 | J49: =C49 & (COUNTIFS($C$4:$C$123, C49, $H$4:$H$123, "<"&H49) + COUNTIFS($C$4:C49, C49, $H$4:H49, H49)) -> 46 | K49: =D49 & "/" & F49 & "/" & G49 & "/" & E49 -> ///
A50: 47 | B50: =IF(DATA_IMPORT!A48="", "", DATA_IMPORT!A48) | C50: =IF(DATA_IMPORT!C48="", "", DATA_IMPORT!C48) | H50: =IF(D50=0, COUNTIF($C$4:$C$123, C50), COUNTIFS($C$4:$C$123, C50, $I$4:$I$123, ">"&I50) + 1) -> 120 | I50: =D50 + (F50/1000) + (G50/1000000) + (E50/1000000000) + (A50/100000000000) -> 4.7e-10 | J50: =C50 & (COUNTIFS($C$4:$C$123, C50, $H$4:$H$123, "<"&H50) + COUNTIFS($C$4:C50, C50, $H$4:H50, H50)) -> 47 | K50: =D50 & "/" & F50 & "/" & G50 & "/" & E50 -> ///
A51: 48 | B51: =IF(DATA_IMPORT!A49="", "", DATA_IMPORT!A49) | C51: =IF(DATA_IMPORT!C49="", "", DATA_IMPORT!C49) | H51: =IF(D51=0, COUNTIF($C$4:$C$123, C51), COUNTIFS($C$4:$C$123, C51, $I$4:$I$123, ">"&I51) + 1) -> 120 | I51: =D51 + (F51/1000) + (G51/1000000) + (E51/1000000000) + (A51/100000000000) -> 4.8e-10 | J51: =C51 & (COUNTIFS($C$4:$C$123, C51, $H$4:$H$123, "<"&H51) + COUNTIFS($C$4:C51, C51, $H$4:H51, H51)) -> 48 | K51: =D51 & "/" & F51 & "/" & G51 & "/" & E51 -> ///
A52: 49 | B52: =IF(DATA_IMPORT!A50="", "", DATA_IMPORT!A50) | C52: =IF(DATA_IMPORT!C50="", "", DATA_IMPORT!C50) | H52: =IF(D52=0, COUNTIF($C$4:$C$123, C52), COUNTIFS($C$4:$C$123, C52, $I$4:$I$123, ">"&I52) + 1) -> 120 | I52: =D52 + (F52/1000) + (G52/1000000) + (E52/1000000000) + (A52/100000000000) -> 4.9e-10 | J52: =C52 & (COUNTIFS($C$4:$C$123, C52, $H$4:$H$123, "<"&H52) + COUNTIFS($C$4:C52, C52, $H$4:H52, H52)) -> 49 | K52: =D52 & "/" & F52 & "/" & G52 & "/" & E52 -> ///
... A123: 120 | B123: =IF(DATA_IMPORT!A121="", "", DATA_IMPORT!A121) | C123: =IF(DATA_IMPORT!C121="", "", DATA_IMPORT!C121) | H123: =IF(D123=0, COUNTIF($C$4:$C$123, C123), COUNTIFS($C$4:$C$123, C123, $I$4:$I$123, ">"&I123) + 1) -> 120 | I123: =D123 + (F123/1000) + (G123/1000000) + (E123/1000000000) + (A123/100000000000) -> 1.2e-09 | J123: =C123 & (COUNTIFS($C$4:$C$123, C123, $H$4:$H$123, "<"&H123) + COUNTIFS($C$4:C123, C123, $H$4:H123, H123)) -> 120 | K123: =D123 & "/" & F123 & "/" & G123 & "/" & E123 -> ///
B124: =IF(DATA_IMPORT!A123="", "", DATA_IMPORT!A123) | C124: =IF(DATA_IMPORT!C122="", "", DATA_IMPORT!C122) | D124: 250 | E124: 250 | F124: 250 | G124: 250 | H124: =IF(D124=0, COUNTIF($C$4:$C$123, C124), COUNTIFS($C$4:$C$123, C124, $I$4:$I$123, ">"&I124) + 1) -> 1 | J124: =C124 & (COUNTIFS($C$4:$C$123, C124, $H$4:$H$123, "<"&H124) + COUNTIFS($C$4:C124, C124, $H$4:H124, H124)) -> 1
B125: =IF(DATA_IMPORT!A124="", "", DATA_IMPORT!A124) | C125: =IF(DATA_IMPORT!C123="", "", DATA_IMPORT!C123) | D125: 250 | E125: 250 | F125: 250 | G125: 250 | H125: =IF(D125=0, COUNTIF($C$4:$C$123, C125), COUNTIFS($C$4:$C$123, C125, $I$4:$I$123, ">"&I125) + 1) -> 1 | J125: =C125 & (COUNTIFS($C$4:$C$123, C125, $H$4:$H$123, "<"&H125) + COUNTIFS($C$4:C125, C125, $H$4:H125, H125)) -> 2
B126: =IF(DATA_IMPORT!A125="", "", DATA_IMPORT!A125) | C126: =IF(DATA_IMPORT!C124="", "", DATA_IMPORT!C124) | D126: 250 | E126: 250 | F126: 250 | G126: 250 | H126: =IF(D126=0, COUNTIF($C$4:$C$123, C126), COUNTIFS($C$4:$C$123, C126, $I$4:$I$123, ">"&I126) + 1) -> 1 | J126: =C126 & (COUNTIFS($C$4:$C$123, C126, $H$4:$H$123, "<"&H126) + COUNTIFS($C$4:C126, C126, $H$4:H126, H126)) -> 3
B127: =IF(DATA_IMPORT!A126="", "", DATA_IMPORT!A126) | C127: =IF(DATA_IMPORT!C125="", "", DATA_IMPORT!C125) | D127: 250 | E127: 250 | F127: 250 | G127: 250 | H127: =IF(D127=0, COUNTIF($C$4:$C$123, C127), COUNTIFS($C$4:$C$123, C127, $I$4:$I$123, ">"&I127) + 1) -> 1 | J127: =C127 & (COUNTIFS($C$4:$C$123, C127, $H$4:$H$123, "<"&H127) + COUNTIFS($C$4:C127, C127, $H$4:H127, H127)) -> 4
B128: =IF(DATA_IMPORT!A127="", "", DATA_IMPORT!A127) | C128: =IF(DATA_IMPORT!C126="", "", DATA_IMPORT!C126) | D128: 250 | E128: 250 | F128: 250 | G128: 250 | H128: =IF(D128=0, COUNTIF($C$4:$C$123, C128), COUNTIFS($C$4:$C$123, C128, $I$4:$I$123, ">"&I128) + 1) -> 1 | J128: =C128 & (COUNTIFS($C$4:$C$123, C128, $H$4:$H$123, "<"&H128) + COUNTIFS($C$4:C128, C128, $H$4:H128, H128)) -> 5
B129: =IF(DATA_IMPORT!A128="", "", DATA_IMPORT!A128) | C129: =IF(DATA_IMPORT!C127="", "", DATA_IMPORT!C127) | D129: 250 | E129: 250 | F129: 250 | G129: 250 | H129: =IF(D129=0, COUNTIF($C$4:$C$123, C129), COUNTIFS($C$4:$C$123, C129, $I$4:$I$123, ">"&I129) + 1) -> 1 | J129: =C129 & (COUNTIFS($C$4:$C$123, C129, $H$4:$H$123, "<"&H129) + COUNTIFS($C$4:C129, C129, $H$4:H129, H129)) -> 6
B130: =IF(DATA_IMPORT!A129="", "", DATA_IMPORT!A129) | C130: =IF(DATA_IMPORT!C128="", "", DATA_IMPORT!C128) | D130: 250 | E130: 250 | F130: 250 | G130: 250 | H130: =IF(D130=0, COUNTIF($C$4:$C$123, C130), COUNTIFS($C$4:$C$123, C130, $I$4:$I$123, ">"&I130) + 1) -> 1 | J130: =C130 & (COUNTIFS($C$4:$C$123, C130, $H$4:$H$123, "<"&H130) + COUNTIFS($C$4:C130, C130, $H$4:H130, H130)) -> 7
B131: =IF(DATA_IMPORT!A130="", "", DATA_IMPORT!A130) | C131: =IF(DATA_IMPORT!C129="", "", DATA_IMPORT!C129) | D131: 250 | E131: 250 | F131: 250 | G131: 250 | H131: =IF(D131=0, COUNTIF($C$4:$C$123, C131), COUNTIFS($C$4:$C$123, C131, $I$4:$I$123, ">"&I131) + 1) -> 1 | J131: =C131 & (COUNTIFS($C$4:$C$123, C131, $H$4:$H$123, "<"&H131) + COUNTIFS($C$4:C131, C131, $H$4:H131, H131)) -> 8
B132: =IF(DATA_IMPORT!A131="", "", DATA_IMPORT!A131) | C132: =IF(DATA_IMPORT!C130="", "", DATA_IMPORT!C130) | D132: 250 | E132: 250 | F132: 250 | G132: 250 | H132: =IF(D132=0, COUNTIF($C$4:$C$123, C132), COUNTIFS($C$4:$C$123, C132, $I$4:$I$123, ">"&I132) + 1) -> 1 | J132: =C132 & (COUNTIFS($C$4:$C$123, C132, $H$4:$H$123, "<"&H132) + COUNTIFS($C$4:C132, C132, $H$4:H132, H132)) -> 9
B133: =IF(DATA_IMPORT!A132="", "", DATA_IMPORT!A132) | C133: =IF(DATA_IMPORT!C131="", "", DATA_IMPORT!C131) | H133: =IF(D133=0, COUNTIF($C$4:$C$123, C133), COUNTIFS($C$4:$C$123, C133, $I$4:$I$123, ">"&I133) + 1) -> 120 | J133: =C133 & (COUNTIFS($C$4:$C$123, C133, $H$4:$H$123, "<"&H133) + COUNTIFS($C$4:C133, C133, $H$4:H133, H133)) -> 121
B134: =IF(DATA_IMPORT!A133="", "", DATA_IMPORT!A133) | C134: =IF(DATA_IMPORT!C132="", "", DATA_IMPORT!C132) | H134: =IF(D134=0, COUNTIF($C$4:$C$123, C134), COUNTIFS($C$4:$C$123, C134, $I$4:$I$123, ">"&I134) + 1) -> 120 | J134: =C134 & (COUNTIFS($C$4:$C$123, C134, $H$4:$H$123, "<"&H134) + COUNTIFS($C$4:C134, C134, $H$4:H134, H134)) -> 122
B135: =IF(DATA_IMPORT!A134="", "", DATA_IMPORT!A134) | C135: =IF(DATA_IMPORT!C133="", "", DATA_IMPORT!C133) | H135: =IF(D135=0, COUNTIF($C$4:$C$123, C135), COUNTIFS($C$4:$C$123, C135, $I$4:$I$123, ">"&I135) + 1) -> 120 | J135: =C135 & (COUNTIFS($C$4:$C$123, C135, $H$4:$H$123, "<"&H135) + COUNTIFS($C$4:C135, C135, $H$4:H135, H135)) -> 123
B136: =IF(DATA_IMPORT!A135="", "", DATA_IMPORT!A135) | C136: =IF(DATA_IMPORT!C134="", "", DATA_IMPORT!C134) | H136: =IF(D136=0, COUNTIF($C$4:$C$123, C136), COUNTIFS($C$4:$C$123, C136, $I$4:$I$123, ">"&I136) + 1) -> 120 | J136: =C136 & (COUNTIFS($C$4:$C$123, C136, $H$4:$H$123, "<"&H136) + COUNTIFS($C$4:C136, C136, $H$4:H136, H136)) -> 124
B137: =IF(DATA_IMPORT!A136="", "", DATA_IMPORT!A136) | C137: =IF(DATA_IMPORT!C135="", "", DATA_IMPORT!C135) | H137: =IF(D137=0, COUNTIF($C$4:$C$123, C137), COUNTIFS($C$4:$C$123, C137, $I$4:$I$123, ">"&I137) + 1) -> 120 | J137: =C137 & (COUNTIFS($C$4:$C$123, C137, $H$4:$H$123, "<"&H137) + COUNTIFS($C$4:C137, C137, $H$4:H137, H137)) -> 125
B138: =IF(DATA_IMPORT!A137="", "", DATA_IMPORT!A137) | C138: =IF(DATA_IMPORT!C136="", "", DATA_IMPORT!C136) | H138: =IF(D138=0, COUNTIF($C$4:$C$123, C138), COUNTIFS($C$4:$C$123, C138, $I$4:$I$123, ">"&I138) + 1) -> 120 | J138: =C138 & (COUNTIFS($C$4:$C$123, C138, $H$4:$H$123, "<"&H138) + COUNTIFS($C$4:C138, C138, $H$4:H138, H138)) -> 126
B139: =IF(DATA_IMPORT!A138="", "", DATA_IMPORT!A138) | C139: =IF(DATA_IMPORT!C137="", "", DATA_IMPORT!C137) | H139: =IF(B139="", "", IF(D139=0, COUNTIFS($C$4:$C$123, C139), COUNTIFS($C$4:$C$123, C139, $D$4:$D$123, ">"&D139) + 1)) | J139: =C139 & (COUNTIFS($C$4:$C$123, C139, $H$4:$H$123, "<"&H139) + COUNTIFS($C$4:C139, C139, $H$4:H139, H139)) -> 1
B140: =IF(DATA_IMPORT!A139="", "", DATA_IMPORT!A139) | C140: =IF(DATA_IMPORT!C138="", "", DATA_IMPORT!C138) | H140: =IF(B140="", "", IF(D140=0, COUNTIFS($C$4:$C$123, C140), COUNTIFS($C$4:$C$123, C140, $D$4:$D$123, ">"&D140) + 1)) | J140: =C140 & (COUNTIFS($C$4:$C$123, C140, $H$4:$H$123, "<"&H140) + COUNTIFS($C$4:C140, C140, $H$4:H140, H140)) -> 2
B141: =IF(DATA_IMPORT!A140="", "", DATA_IMPORT!A140) | C141: =IF(DATA_IMPORT!C139="", "", DATA_IMPORT!C139) | H141: =IF(B141="", "", IF(D141=0, COUNTIFS($C$4:$C$123, C141), COUNTIFS($C$4:$C$123, C141, $D$4:$D$123, ">"&D141) + 1)) | J141: =C141 & (COUNTIFS($C$4:$C$123, C141, $H$4:$H$123, "<"&H141) + COUNTIFS($C$4:C141, C141, $H$4:H141, H141)) -> 3
B142: =IF(DATA_IMPORT!A141="", "", DATA_IMPORT!A141) | C142: =IF(DATA_IMPORT!C140="", "", DATA_IMPORT!C140) | H142: =IF(B142="", "", IF(D142=0, COUNTIFS($C$4:$C$123, C142), COUNTIFS($C$4:$C$123, C142, $D$4:$D$123, ">"&D142) + 1)) | J142: =C142 & (COUNTIFS($C$4:$C$123, C142, $H$4:$H$123, "<"&H142) + COUNTIFS($C$4:C142, C142, $H$4:H142, H142)) -> 4
B143: =IF(DATA_IMPORT!A142="", "", DATA_IMPORT!A142) | C143: =IF(DATA_IMPORT!C141="", "", DATA_IMPORT!C141) | H143: =IF(B143="", "", IF(D143=0, COUNTIFS($C$4:$C$123, C143), COUNTIFS($C$4:$C$123, C143, $D$4:$D$123, ">"&D143) + 1)) | J143: =C143 & (COUNTIFS($C$4:$C$123, C143, $H$4:$H$123, "<"&H143) + COUNTIFS($C$4:C143, C143, $H$4:H143, H143)) -> 5
B144: =IF(DATA_IMPORT!A143="", "", DATA_IMPORT!A143) | C144: =IF(DATA_IMPORT!C142="", "", DATA_IMPORT!C142) | H144: =IF(B144="", "", IF(D144=0, COUNTIFS($C$4:$C$123, C144), COUNTIFS($C$4:$C$123, C144, $D$4:$D$123, ">"&D144) + 1)) | J144: =C144 & (COUNTIFS($C$4:$C$123, C144, $H$4:$H$123, "<"&H144) + COUNTIFS($C$4:C144, C144, $H$4:H144, H144)) -> 6
B145: =IF(DATA_IMPORT!A144="", "", DATA_IMPORT!A144) | C145: =IF(DATA_IMPORT!C143="", "", DATA_IMPORT!C143) | H145: =IF(B145="", "", IF(D145=0, COUNTIFS($C$4:$C$123, C145), COUNTIFS($C$4:$C$123, C145, $D$4:$D$123, ">"&D145) + 1)) | J145: =C145 & (COUNTIFS($C$4:$C$123, C145, $H$4:$H$123, "<"&H145) + COUNTIFS($C$4:C145, C145, $H$4:H145, H145)) -> 7
B146: =IF(DATA_IMPORT!A145="", "", DATA_IMPORT!A145) | C146: =IF(DATA_IMPORT!C144="", "", DATA_IMPORT!C144) | H146: =IF(B146="", "", IF(D146=0, COUNTIFS($C$4:$C$123, C146), COUNTIFS($C$4:$C$123, C146, $D$4:$D$123, ">"&D146) + 1)) | J146: =C146 & (COUNTIFS($C$4:$C$123, C146, $H$4:$H$123, "<"&H146) + COUNTIFS($C$4:C146, C146, $H$4:H146, H146)) -> 8
B147: =IF(DATA_IMPORT!A146="", "", DATA_IMPORT!A146) | C147: =IF(DATA_IMPORT!C145="", "", DATA_IMPORT!C145) | H147: =IF(B147="", "", IF(D147=0, COUNTIFS($C$4:$C$123, C147), COUNTIFS($C$4:$C$123, C147, $D$4:$D$123, ">"&D147) + 1)) | J147: =C147 & (COUNTIFS($C$4:$C$123, C147, $H$4:$H$123, "<"&H147) + COUNTIFS($C$4:C147, C147, $H$4:H147, H147)) -> 9
B148: =IF(DATA_IMPORT!A147="", "", DATA_IMPORT!A147) | C148: =IF(DATA_IMPORT!C146="", "", DATA_IMPORT!C146) | H148: =IF(B148="", "", IF(D148=0, COUNTIFS($C$4:$C$123, C148), COUNTIFS($C$4:$C$123, C148, $D$4:$D$123, ">"&D148) + 1)) | J148: =C148 & (COUNTIFS($C$4:$C$123, C148, $H$4:$H$123, "<"&H148) + COUNTIFS($C$4:C148, C148, $H$4:H148, H148)) -> 10
B149: =IF(DATA_IMPORT!A148="", "", DATA_IMPORT!A148) | C149: =IF(DATA_IMPORT!C147="", "", DATA_IMPORT!C147) | H149: =IF(B149="", "", IF(D149=0, COUNTIFS($C$4:$C$123, C149), COUNTIFS($C$4:$C$123, C149, $D$4:$D$123, ">"&D149) + 1)) | J149: =C149 & (COUNTIFS($C$4:$C$123, C149, $H$4:$H$123, "<"&H149) + COUNTIFS($C$4:C149, C149, $H$4:H149, H149)) -> 11
B150: =IF(DATA_IMPORT!A149="", "", DATA_IMPORT!A149) | C150: =IF(DATA_IMPORT!C148="", "", DATA_IMPORT!C148) | H150: =IF(B150="", "", IF(D150=0, COUNTIFS($C$4:$C$123, C150), COUNTIFS($C$4:$C$123, C150, $D$4:$D$123, ">"&D150) + 1)) | J150: =C150 & (COUNTIFS($C$4:$C$123, C150, $H$4:$H$123, "<"&H150) + COUNTIFS($C$4:C150, C150, $H$4:H150, H150)) -> 12
C151: =IF(DATA_IMPORT!C149="", "", DATA_IMPORT!C149) | H151: =IF(B151="", "", IF(D151=0, COUNTIFS($C$4:$C$123, C151), COUNTIFS($C$4:$C$123, C151, $D$4:$D$123, ">"&D151) + 1)) | J151: =C151 & (COUNTIFS($C$4:$C$123, C151, $H$4:$H$123, "<"&H151) + COUNTIFS($C$4:C151, C151, $H$4:H151, H151)) -> 13
C152: =IF(DATA_IMPORT!C150="", "", DATA_IMPORT!C150) | H152: =IF(B152="", "", IF(D152=0, COUNTIFS($C$4:$C$123, C152), COUNTIFS($C$4:$C$123, C152, $D$4:$D$123, ">"&D152) + 1)) | J152: =C152 & (COUNTIFS($C$4:$C$123, C152, $H$4:$H$123, "<"&H152) + COUNTIFS($C$4:C152, C152, $H$4:H152, H152)) -> 14
C153: =IF(DATA_IMPORT!C151="", "", DATA_IMPORT!C151) | H153: =IF(B153="", "", IF(D153=0, COUNTIFS($C$4:$C$123, C153), COUNTIFS($C$4:$C$123, C153, $D$4:$D$123, ">"&D153) + 1)) | J153: =C153 & (COUNTIFS($C$4:$C$123, C153, $H$4:$H$123, "<"&H153) + COUNTIFS($C$4:C153, C153, $H$4:H153, H153)) -> 15
C154: =IF(DATA_IMPORT!C152="", "", DATA_IMPORT!C152) | H154: =IF(B154="", "", IF(D154=0, COUNTIFS($C$4:$C$123, C154), COUNTIFS($C$4:$C$123, C154, $D$4:$D$123, ">"&D154) + 1))
C155: =IF(DATA_IMPORT!C153="", "", DATA_IMPORT!C153) | H155: =IF(B155="", "", IF(D155=0, COUNTIFS($C$4:$C$123, C155), COUNTIFS($C$4:$C$123, C155, $D$4:$D$123, ">"&D155) + 1))
C156: =IF(DATA_IMPORT!C154="", "", DATA_IMPORT!C154) | H156: =IF(B156="", "", IF(D156=0, COUNTIFS($C$4:$C$123, C156), COUNTIFS($C$4:$C$123, C156, $D$4:$D$123, ">"&D156) + 1))
H157: =IF(B157="", "", IF(D157=0, COUNTIFS($C$4:$C$123, C157), COUNTIFS($C$4:$C$123, C157, $D$4:$D$123, ">"&D157) + 1))

Sheet DAY 2 SCORES
B1: DAY 2 SCORES
B2: SEARCH
A3: ID | B3: NAME | C3: ZONE | D3: LENGTH | E3: SPECIES | F3: FISH COUNT | G3: BIGGEST FISH | H3: POINTS | I3: MASTER SCORE | J3: =TRIM(C3) & (COUNTIFS($C$4:$C$123, C3, $I$4:$I$123, ">"&I3) + 1) -> ZONE1
A4: 1 | B4: =IF(DATA_IMPORT!A2="", "", DATA_IMPORT!A2) | C4: =IF(DATA_IMPORT!D2="", "", DATA_IMPORT!D2) | H4: =IF(D4=0, COUNTIF($C$4:$C$123, C4), COUNTIFS($C$4:$C$123, C4, $I$4:$I$123, ">"&I4) + 1) -> 120 | I4: =D4 + (F4/1000) + (G4/1000000) + (E4/1000000000) + (A4/100000000000) -> 1e-11 | J4: =TRIM(C4) & (COUNTIFS($C$4:$C$123, C4, $I$4:$I$123, ">"&I4) + 1) -> 120 | K4: =D4 & "/" & F4 & "/" & G4 & "/" & E4 -> /// | AA4: =_xlfn.XLOOKUP(B4, REGISTRATION!B:B, REGISTRATION!C:C, "No Team")
A5: 2 | B5: =IF(DATA_IMPORT!A3="", "", DATA_IMPORT!A3) | C5: =IF(DATA_IMPORT!D3="", "", DATA_IMPORT!D3) | H5: =IF(D5=0, COUNTIF($C$4:$C$123, C5), COUNTIFS($C$4:$C$123, C5, $I$4:$I$123, ">"&I5) + 1) -> 120 | I5: =D5 + (F5/1000) + (G5/1000000) + (E5/1000000000) + (A5/100000000000) -> 2e-11 | J5: =TRIM(C5) & (COUNTIFS($C$4:$C$123, C5, $I$4:$I$123, ">"&I5) + 1) -> 119 | K5: =D5 & "/" & F5 & "/" & G5 & "/" & E5 -> /// | AA5: =_xlfn.XLOOKUP(B5, REGISTRATION!B:B, REGISTRATION!C:C, "No Team")
A6: 3 | B6: =IF(DATA_IMPORT!A4="", "", DATA_IMPORT!A4) | C6: =IF(DATA_IMPORT!D4="", "", DATA_IMPORT!D4) | H6: =IF(D6=0, COUNTIF($C$4:$C$123, C6), COUNTIFS($C$4:$C$123, C6, $I$4:$I$123, ">"&I6) + 1) -> 120 | I6: =D6 + (F6/1000) + (G6/1000000) + (E6/1000000000) + (A6/100000000000) -> 3e-11 | J6: =TRIM(C6) & (COUNTIFS($C$4:$C$123, C6, $I$4:$I$123, ">"&I6) + 1) -> 118 | K6: =D6 & "/" & F6 & "/" & G6 & "/" & E6 -> /// | AA6: =_xlfn.XLOOKUP(B6, REGISTRATION!B:B, REGISTRATION!C:C, "No Team")
A7: 4 | B7: =IF(DATA_IMPORT!A5="", "", DATA_IMPORT!A5) | C7: =IF(DATA_IMPORT!D5="", "", DATA_IMPORT!D5) | H7: =IF(D7=0, COUNTIF($C$4:$C$123, C7), COUNTIFS($C$4:$C$123, C7, $I$4:$I$123, ">"&I7) + 1) -> 120 | I7: =D7 + (F7/1000) + (G7/1000000) + (E7/1000000000) + (A7/100000000000) -> 4e-11 | J7: =TRIM(C7) & (COUNTIFS($C$4:$C$123, C7, $I$4:$I$123, ">"&I7) + 1) -> 117 | K7: =D7 & "/" & F7 & "/" & G7 & "/" & E7 -> /// | AA7: =_xlfn.XLOOKUP(B7, REGISTRATION!B:B, REGISTRATION!C:C, "No Team")
A8: 5 | B8: =IF(DATA_IMPORT!A6="", "", DATA_IMPORT!A6) | C8: =IF(DATA_IMPORT!D6="", "", DATA_IMPORT!D6) | H8: =IF(D8=0, COUNTIF($C$4:$C$123, C8), COUNTIFS($C$4:$C$123, C8, $I$4:$I$123, ">"&I8) + 1) -> 120 | I8: =D8 + (F8/1000) + (G8/1000000) + (E8/1000000000) + (A8/100000000000) -> 5e-11 | J8: =TRIM(C8) & (COUNTIFS($C$4:$C$123, C8, $I$4:$I$123, ">"&I8) + 1) -> 116 | K8: =D8 & "/" & F8 & "/" & G8 & "/" & E8 -> /// | AA8: =_xlfn.XLOOKUP(B8, REGISTRATION!B:B, REGISTRATION!C:C, "No Team")
A9: 6 | B9: =IF(DATA_IMPORT!A7="", "", DATA_IMPORT!A7) | C9: =IF(DATA_IMPORT!D7="", "", DATA_IMPORT!D7) | H9: =IF(D9=0, COUNTIF($C$4:$C$123, C9), COUNTIFS($C$4:$C$123, C9, $I$4:$I$123, ">"&I9) + 1) -> 120 | I9: =D9 + (F9/1000) + (G9/1000000) + (E9/1000000000) + (A9/100000000000) -> 6e-11 | J9: =TRIM(C9) & (COUNTIFS($C$4:$C$123, C9, $I$4:$I$123, ">"&I9) + 1) -> 115 | K9: =D9 & "/" & F9 & "/" & G9 & "/" & E9 -> /// | AA9: =_xlfn.XLOOKUP(B9, REGISTRATION!B:B, REGISTRATION!C:C, "No Team")
A10: 7 | B10: =IF(DATA_IMPORT!A8="", "", DATA_IMPORT!A8) | C10: =IF(DATA_IMPORT!D8="", "", DATA_IMPORT!D8) | H10: =IF(D10=0, COUNTIF($C$4:$C$123, C10), COUNTIFS($C$4:$C$123, C10, $I$4:$I$123, ">"&I10) + 1) -> 120 | I10: =D10 + (F10/1000) + (G10/1000000) + (E10/1000000000) + (A10/100000000000) -> 7e-11 | J10: =TRIM(C10) & (COUNTIFS($C$4:$C$123, C10, $I$4:$I$123, ">"&I10) + 1) -> 114 | K10: =D10 & "/" & F10 & "/" & G10 & "/" & E10 -> /// | AA10: =_xlfn.XLOOKUP(B10, REGISTRATION!B:B, REGISTRATION!C:C, "No Team")
A11: 8 | B11: =IF(DATA_IMPORT!A9="", "", DATA_IMPORT!A9) | C11: =IF(DATA_IMPORT!D9="", "", DATA_IMPORT!D9) | H11: =IF(D11=0, COUNTIF($C$4:$C$123, C11), COUNTIFS($C$4:$C$123, C11, $I$4:$I$123, ">"&I11) + 1) -> 120 | I11: =D11 + (F11/1000) + (G11/1000000) + (E11/1000000000) + (A11/100000000000) -> 8e-11 | J11: =TRIM(C11) & (COUNTIFS($C$4:$C$123, C11, $I$4:$I$123, ">"&I11) + 1) -> 113 | K11: =D11 & "/" & F11 & "/" & G11 & "/" & E11 -> /// | AA11: =_xlfn.XLOOKUP(B11, REGISTRATION!B:B, REGISTRATION!C:C, "No Team")
A12: 9 | B12: =IF(DATA_IMPORT!A10="", "", DATA_IMPORT!A10) | C12: =IF(DATA_IMPORT!D10="", "", DATA_IMPORT!D10) | H12: =IF(D12=0, COUNTIF($C$4:$C$123, C12), COUNTIFS($C$4:$C$123, C12, $I$4:$I$123, ">"&I12) + 1) -> 120 | I12: =D12 + (F12/1000) + (G12/1000000) + (E12/1000000000) + (A12/100000000000) -> 9e-11 | J12: =TRIM(C12) & (COUNTIFS($C$4:$C$123, C12, $I$4:$I$123, ">"&I12) + 1) -> 112 | K12: =D12 & "/" & F12 & "/" & G12 & "/" & E12 -> /// | AA12: =_xlfn.XLOOKUP(B12, REGISTRATION!B:B, REGISTRATION!C:C, "No Team")
A13: 10 | B13: =IF(DATA_IMPORT!A11="", "", DATA_IMPORT!A11) | C13: =IF(DATA_IMPORT!D11="", "", DATA_IMPORT!D11) | H13: =IF(D13=0, COUNTIF($C$4:$C$123, C13), COUNTIFS($C$4:$C$123, C13, $I$4:$I$123, ">"&I13) + 1) -> 120 | I13: =D13 + (F13/1000) + (G13/1000000) + (E13/1000000000) + (A13/100000000000) -> 1e-10 | J13: =TRIM(C13) & (COUNTIFS($C$4:$C$123, C13, $I$4:$I$123, ">"&I13) + 1) -> 111 | K13: =D13 & "/" & F13 & "/" & G13 & "/" & E13 -> /// | AA13: =_xlfn.XLOOKUP(B13, REGISTRATION!B:B, REGISTRATION!C:C, "No Team")
A14: 11 | B14: =IF(DATA_IMPORT!A12="", "", DATA_IMPORT!A12) | C14: =IF(DATA_IMPORT!D12="", "", DATA_IMPORT!D12) | H14: =IF(D14=0, COUNTIF($C$4:$C$123, C14), COUNTIFS($C$4:$C$123, C14, $I$4:$I$123, ">"&I14) + 1) -> 120 | I14: =D14 + (F14/1000) + (G14/1000000) + (E14/1000000000) + (A14/100000000000) -> 1.1e-10 | J14: =TRIM(C14) & (COUNTIFS($C$4:$C$123, C14, $I$4:$I$123, ">"&I14) + 1) -> 110 | K14: =D14 & "/" & F14 & "/" & G14 & "/" & E14 -> /// | AA14: =_xlfn.XLOOKUP(B14, REGISTRATION!B:B, REGISTRATION!C:C, "No Team")
A15: 12 | B15: =IF(DATA_IMPORT!A13="", "", DATA_IMPORT!A13) | C15: =IF(DATA_IMPORT!D13="", "", DATA_IMPORT!D13) | H15: =IF(D15=0, COUNTIF($C$4:$C$123, C15), COUNTIFS($C$4:$C$123, C15, $I$4:$I$123, ">"&I15) + 1) -> 120 | I15: =D15 + (F15/1000) + (G15/1000000) + (E15/1000000000) + (A15/100000000000) -> 1.2e-10 | J15: =TRIM(C15) & (COUNTIFS($C$4:$C$123, C15, $I$4:$I$123, ">"&I15) + 1) -> 109 | K15: =D15 & "/" & F15 & "/" & G15 & "/" & E15 -> /// | AA15: =_xlfn.XLOOKUP(B15, REGISTRATION!B:B, REGISTRATION!C:C, "No Team")
... A50: 47 | B50: =IF(DATA_IMPORT!A48="", "", DATA_IMPORT!A48) | C50: =IF(DATA_IMPORT!D48="", "", DATA_IMPORT!D48) | H50: =IF(D50=0, COUNTIF($C$4:$C$123, C50), COUNTIFS($C$4:$C$123, C50, $I$4:$I$123, ">"&I50) + 1) -> 120 | I50: =D50 + (F50/1000) + (G50/1000000) + (E50/1000000000) + (A50/100000000000) -> 4.7e-10 | J50: =TRIM(C50) & (COUNTIFS($C$4:$C$123, C50, $I$4:$I$123, ">"&I50) + 1) -> 74 | K50: =D50 & "/" & F50 & "/" & G50 & "/" & E50 -> /// | AA50: =_xlfn.XLOOKUP(B50, REGISTRATION!B:B, REGISTRATION!C:C, "No Team")
A51: 48 | B51: =IF(DATA_IMPORT!A49="", "", DATA_IMPORT!A49) | C51: =IF(DATA_IMPORT!D49="", "", DATA_IMPORT!D49) | H51: =IF(D51=0, COUNTIF($C$4:$C$123, C51), COUNTIFS($C$4:$C$123, C51, $I$4:$I$123, ">"&I51) + 1) -> 120 | I51: =D51 + (F51/1000) + (G51/1000000) + (E51/1000000000) + (A51/100000000000) -> 4.8e-10 | J51: =TRIM(C51) & (COUNTIFS($C$4:$C$123, C51, $I$4:$I$123, ">"&I51) + 1) -> 73 | K51: =D51 & "/" & F51 & "/" & G51 & "/" & E51 -> ///
A52: 49 | B52: =IF(DATA_IMPORT!A50="", "", DATA_IMPORT!A50) | C52: =IF(DATA_IMPORT!D50="", "", DATA_IMPORT!D50) | H52: =IF(D52=0, COUNTIF($C$4:$C$123, C52), COUNTIFS($C$4:$C$123, C52, $I$4:$I$123, ">"&I52) + 1) -> 120 | I52: =D52 + (F52/1000) + (G52/1000000) + (E52/1000000000) + (A52/100000000000) -> 4.9e-10 | J52: =TRIM(C52) & (COUNTIFS($C$4:$C$123, C52, $I$4:$I$123, ">"&I52) + 1) -> 72 | K52: =D52 & "/" & F52 & "/" & G52 & "/" & E52 -> ///
A53: 50 | B53: =IF(DATA_IMPORT!A51="", "", DATA_IMPORT!A51) | C53: =IF(DATA_IMPORT!D51="", "", DATA_IMPORT!D51) | H53: =IF(D53=0, COUNTIF($C$4:$C$123, C53), COUNTIFS($C$4:$C$123, C53, $I$4:$I$123, ">"&I53) + 1) -> 120 | I53: =D53 + (F53/1000) + (G53/1000000) + (E53/1000000000) + (A53/100000000000) -> 5e-10 | J53: =TRIM(C53) & (COUNTIFS($C$4:$C$123, C53, $I$4:$I$123, ">"&I53) + 1) -> 71 | K53: =D53 & "/" & F53 & "/" & G53 & "/" & E53 -> ///
A54: 51 | B54: =IF(DATA_IMPORT!A52="", "", DATA_IMPORT!A52) | C54: =IF(DATA_IMPORT!D52="", "", DATA_IMPORT!D52) | H54: =IF(D54=0, COUNTIF($C$4:$C$123, C54), COUNTIFS($C$4:$C$123, C54, $I$4:$I$123, ">"&I54) + 1) -> 120 | I54: =D54 + (F54/1000) + (G54/1000000) + (E54/1000000000) + (A54/100000000000) -> 5.1e-10 | J54: =TRIM(C54) & (COUNTIFS($C$4:$C$123, C54, $I$4:$I$123, ">"&I54) + 1) -> 70 | K54: =D54 & "/" & F54 & "/" & G54 & "/" & E54 -> ///
A55: 52 | B55: =IF(DATA_IMPORT!A53="", "", DATA_IMPORT!A53) | C55: =IF(DATA_IMPORT!D53="", "", DATA_IMPORT!D53) | H55: =IF(D55=0, COUNTIF($C$4:$C$123, C55), COUNTIFS($C$4:$C$123, C55, $I$4:$I$123, ">"&I55) + 1) -> 120 | I55: =D55 + (F55/1000) + (G55/1000000) + (E55/1000000000) + (A55/100000000000) -> 5.2e-10 | J55: =TRIM(C55) & (COUNTIFS($C$4:$C$123, C55, $I$4:$I$123, ">"&I55) + 1) -> 69 | K55: =D55 & "/" & F55 & "/" & G55 & "/" & E55 -> ///
A56: 53 | B56: =IF(DATA_IMPORT!A54="", "", DATA_IMPORT!A54) | C56: =IF(DATA_IMPORT!D54="", "", DATA_IMPORT!D54) | H56: =IF(D56=0, COUNTIF($C$4:$C$123, C56), COUNTIFS($C$4:$C$123, C56, $I$4:$I$123, ">"&I56) + 1) -> 120 | I56: =D56 + (F56/1000) + (G56/1000000) + (E56/1000000000) + (A56/100000000000) -> 5.3e-10 | J56: =TRIM(C56) & (COUNTIFS($C$4:$C$123, C56, $I$4:$I$123, ">"&I56) + 1) -> 68 | K56: =D56 & "/" & F56 & "/" & G56 & "/" & E56 -> ///
A57: 54 | B57: =IF(DATA_IMPORT!A55="", "", DATA_IMPORT!A55) | C57: =IF(DATA_IMPORT!D55="", "", DATA_IMPORT!D55) | H57: =IF(D57=0, COUNTIF($C$4:$C$123, C57), COUNTIFS($C$4:$C$123, C57, $I$4:$I$123, ">"&I57) + 1) -> 120 | I57: =D57 + (F57/1000) + (G57/1000000) + (E57/1000000000) + (A57/100000000000) -> 5.4e-10 | J57: =TRIM(C57) & (COUNTIFS($C$4:$C$123, C57, $I$4:$I$123, ">"&I57) + 1) -> 67 | K57: =D57 & "/" & F57 & "/" & G57 & "/" & E57 -> ///
A58: 55 | B58: =IF(DATA_IMPORT!A56="", "", DATA_IMPORT!A56) | C58: =IF(DATA_IMPORT!D56="", "", DATA_IMPORT!D56) | H58: =IF(D58=0, COUNTIF($C$4:$C$123, C58), COUNTIFS($C$4:$C$123, C58, $I$4:$I$123, ">"&I58) + 1) -> 120 | I58: =D58 + (F58/1000) + (G58/1000000) + (E58/1000000000) + (A58/100000000000) -> 5.5e-10 | J58: =TRIM(C58) & (COUNTIFS($C$4:$C$123, C58, $I$4:$I$123, ">"&I58) + 1) -> 66 | K58: =D58 & "/" & F58 & "/" & G58 & "/" & E58 -> ///
A59: 56 | B59: =IF(DATA_IMPORT!A57="", "", DATA_IMPORT!A57) | C59: =IF(DATA_IMPORT!D57="", "", DATA_IMPORT!D57) | H59: =IF(D59=0, COUNTIF($C$4:$C$123, C59), COUNTIFS($C$4:$C$123, C59, $I$4:$I$123, ">"&I59) + 1) -> 120 | I59: =D59 + (F59/1000) + (G59/1000000) + (E59/1000000000) + (A59/100000000000) -> 5.6e-10 | J59: =TRIM(C59) & (COUNTIFS($C$4:$C$123, C59, $I$4:$I$123, ">"&I59) + 1) -> 65 | K59: =D59 & "/" & F59 & "/" & G59 & "/" & E59 -> ///
A60: 57 | B60: =IF(DATA_IMPORT!A58="", "", DATA_IMPORT!A58) | C60: =IF(DATA_IMPORT!D58="", "", DATA_IMPORT!D58) | H60: =IF(D60=0, COUNTIF($C$4:$C$123, C60), COUNTIFS($C$4:$C$123, C60, $I$4:$I$123, ">"&I60) + 1) -> 120 | I60: =D60 + (F60/1000) + (G60/1000000) + (E60/1000000000) + (A60/100000000000) -> 5.7e-10 | J60: =TRIM(C60) & (COUNTIFS($C$4:$C$123, C60, $I$4:$I$123, ">"&I60) + 1) -> 64 | K60: =D60 & "/" & F60 & "/" & G60 & "/" & E60 -> ///
A61: 58 | B61: =IF(DATA_IMPORT!A59="", "", DATA_IMPORT!A59) | C61: =IF(DATA_IMPORT!D59="", "", DATA_IMPORT!D59) | H61: =IF(D61=0, COUNTIF($C$4:$C$123, C61), COUNTIFS($C$4:$C$123, C61, $I$4:$I$123, ">"&I61) + 1) -> 120 | I61: =D61 + (F61/1000) + (G61/1000000) + (E61/1000000000) + (A61/100000000000) -> 5.8e-10 | J61: =TRIM(C61) & (COUNTIFS($C$4:$C$123, C61, $I$4:$I$123, ">"&I61) + 1) -> 63 | K61: =D61 & "/" & F61 & "/" & G61 & "/" & E61 -> ///
A62: 59 | B62: =IF(DATA_IMPORT!A60="", "", DATA_IMPORT!A60) | C62: =IF(DATA_IMPORT!D60="", "", DATA_IMPORT!D60) | H62: =IF(D62=0, COUNTIF($C$4:$C$123, C62), COUNTIFS($C$4:$C$123, C62, $I$4:$I$123, ">"&I62) + 1) -> 120 | I62: =D62 + (F62/1000) + (G62/1000000) + (E62/1000000000) + (A62/100000000000) -> 5.9e-10 | J62: =TRIM(C62) & (COUNTIFS($C$4:$C$123, C62, $I$4:$I$123, ">"&I62) + 1) -> 62 | K62: =D62 & "/" & F62 & "/" & G62 & "/" & E62 -> ///
... A123: 120 | B123: =IF(DATA_IMPORT!A121="", "", DATA_IMPORT!A121) | C123: =IF(DATA_IMPORT!D121="", "", DATA_IMPORT!D121) | H123: =IF(D123=0, COUNTIF($C$4:$C$123, C123), COUNTIFS($C$4:$C$123, C123, $I$4:$I$123, ">"&I123) + 1) -> 120 | I123: =D123 + (F123/1000) + (G123/1000000) + (E123/1000000000) + (A123/100000000000) -> 1.2e-09 | J123: =TRIM(C123) & (COUNTIFS($C$4:$C$123, C123, $I$4:$I$123, ">"&I123) + 1) -> 1 | K123: =D123 & "/" & F123 & "/" & G123 & "/" & E123 -> ///
B124: =IF(DATA_IMPORT!A122="", "", DATA_IMPORT!A122) | C124: =IF(DATA_IMPORT!D122="", "", DATA_IMPORT!D122) | H124: =IF(D124=0, COUNTIFS($C$4:$C$123, C124, $B$4:$B$123, "<>"), COUNTIFS($C$4:$C$123, C124, $D$4:$D$123, ">"&D124) + 1) -> 120 | J124: =TRIM(C124) & (COUNTIFS($C$4:$C$123, C124, $I$4:$I$123, ">"&I124) + 1) -> 1
B125: =IF(DATA_IMPORT!A123="", "", DATA_IMPORT!A123) | C125: =IF(DATA_IMPORT!D123="", "", DATA_IMPORT!D123) | H125: =IF(D125=0, COUNTIFS($C$4:$C$123, C125, $B$4:$B$123, "<>"), COUNTIFS($C$4:$C$123, C125, $D$4:$D$123, ">"&D125) + 1) -> 120 | J125: =TRIM(C125) & (COUNTIFS($C$4:$C$123, C125, $I$4:$I$123, ">"&I125) + 1) -> 1
B126: =IF(DATA_IMPORT!A124="", "", DATA_IMPORT!A124) | C126: =IF(DATA_IMPORT!D124="", "", DATA_IMPORT!D124) | H126: =IF(D126=0, COUNTIFS($C$4:$C$123, C126, $B$4:$B$123, "<>"), COUNTIFS($C$4:$C$123, C126, $D$4:$D$123, ">"&D126) + 1) -> 120 | J126: =TRIM(C126) & (COUNTIFS($C$4:$C$123, C126, $I$4:$I$123, ">"&I126) + 1) -> 1
B127: =IF(DATA_IMPORT!A125="", "", DATA_IMPORT!A125) | C127: =IF(DATA_IMPORT!D125="", "", DATA_IMPORT!D125) | H127: =IF(D127=0, COUNTIFS($C$4:$C$123, C127, $B$4:$B$123, "<>"), COUNTIFS($C$4:$C$123, C127, $D$4:$D$123, ">"&D127) + 1) -> 120 | J127: =TRIM(C127) & (COUNTIFS($C$4:$C$123, C127, $I$4:$I$123, ">"&I127) + 1) -> 1
B128: =IF(DATA_IMPORT!A126="", "", DATA_IMPORT!A126) | C128: =IF(DATA_IMPORT!D126="", "", DATA_IMPORT!D126) | H128: =IF(D128=0, COUNTIFS($C$4:$C$123, C128, $B$4:$B$123, "<>"), COUNTIFS($C$4:$C$123, C128, $D$4:$D$123, ">"&D128) + 1) -> 120 | J128: =TRIM(C128) & (COUNTIFS($C$4:$C$123, C128, $I$4:$I$123, ">"&I128) + 1) -> 1
B129: =IF(DATA_IMPORT!A127="", "", DATA_IMPORT!A127) | C129: =IF(DATA_IMPORT!D127="", "", DATA_IMPORT!D127) | H129: =IF(D129=0, COUNTIFS($C$4:$C$123, C129, $B$4:$B$123, "<>"), COUNTIFS($C$4:$C$123, C129, $D$4:$D$123, ">"&D129) + 1) -> 120 | J129: =TRIM(C129) & (COUNTIFS($C$4:$C$123, C129, $I$4:$I$123, ">"&I129) + 1) -> 1
B130: =IF(DATA_IMPORT!A128="", "", DATA_IMPORT!A128) | C130: =IF(DATA_IMPORT!D128="", "", DATA_IMPORT!D128) | H130: =IF(D130=0, COUNTIFS($C$4:$C$123, C130, $B$4:$B$123, "<>"), COUNTIFS($C$4:$C$123, C130, $D$4:$D$123, ">"&D130) + 1) -> 120 | J130: =TRIM(C130) & (COUNTIFS($C$4:$C$123, C130, $I$4:$I$123, ">"&I130) + 1) -> 1
B131: =IF(DATA_IMPORT!A129="", "", DATA_IMPORT!A129) | C131: =IF(DATA_IMPORT!D129="", "", DATA_IMPORT!D129) | H131: =IF(D131=0, COUNTIFS($C$4:$C$123, C131, $B$4:$B$123, "<>"), COUNTIFS($C$4:$C$123, C131, $D$4:$D$123, ">"&D131) + 1) -> 120 | J131: =TRIM(C131) & (COUNTIFS($C$4:$C$123, C131, $I$4:$I$123, ">"&I131) + 1) -> 1
B132: =IF(DATA_IMPORT!A130="", "", DATA_IMPORT!A130) | C132: =IF(DATA_IMPORT!D130="", "", DATA_IMPORT!D130) | H132: =IF(D132=0, COUNTIFS($C$4:$C$123, C132, $B$4:$B$123, "<>"), COUNTIFS($C$4:$C$123, C132, $D$4:$D$123, ">"&D132) + 1) -> 120 | J132: =TRIM(C132) & (COUNTIFS($C$4:$C$123, C132, $I$4:$I$123, ">"&I132) + 1) -> 1
B133: =IF(DATA_IMPORT!A131="", "", DATA_IMPORT!A131) | C133: =IF(DATA_IMPORT!D131="", "", DATA_IMPORT!D131) | H133: =IF(D133=0, COUNTIFS($C$4:$C$123, C133, $B$4:$B$123, "<>"), COUNTIFS($C$4:$C$123, C133, $D$4:$D$123, ">"&D133) + 1) -> 120 | J133: =TRIM(C133) & (COUNTIFS($C$4:$C$123, C133, $I$4:$I$123, ">"&I133) + 1) -> 1
B134: =IF(DATA_IMPORT!A132="", "", DATA_IMPORT!A132) | C134: =IF(DATA_IMPORT!D132="", "", DATA_IMPORT!D132) | H134: =IF(D134=0, COUNTIFS($C$4:$C$123, C134, $B$4:$B$123, "<>"), COUNTIFS($C$4:$C$123, C134, $D$4:$D$123, ">"&D134) + 1) -> 120 | J134: =TRIM(C134) & (COUNTIFS($C$4:$C$123, C134, $I$4:$I$123, ">"&I134) + 1) -> 1
B135: =IF(DATA_IMPORT!A133="", "", DATA_IMPORT!A133) | C135: =IF(DATA_IMPORT!D133="", "", DATA_IMPORT!D133) | H135: =IF(D135=0, COUNTIFS($C$4:$C$123, C135, $B$4:$B$123, "<>"), COUNTIFS($C$4:$C$123, C135, $D$4:$D$123, ">"&D135) + 1) -> 120 | J135: =TRIM(C135) & (COUNTIFS($C$4:$C$123, C135, $I$4:$I$123, ">"&I135) + 1) -> 1
... B153: =IF(DATA_IMPORT!A151="", "", DATA_IMPORT!A151) | C153: =IF(DATA_IMPORT!D151="", "", DATA_IMPORT!D151) | H153: =IF(D153=0, COUNTIFS($C$4:$C$123, C153, $B$4:$B$123, "<>"), COUNTIFS($C$4:$C$123, C153, $D$4:$D$123, ">"&D153) + 1) -> 120 | J153: =TRIM(C153) & (COUNTIFS($C$4:$C$123, C153, $I$4:$I$123, ">"&I153) + 1) -> 1
C154: =IF(DATA_IMPORT!D152="", "", DATA_IMPORT!D152) | H154: =IF(D154=0, COUNTIFS($C$4:$C$123, C154, $B$4:$B$123, "<>"), COUNTIFS($C$4:$C$123, C154, $D$4:$D$123, ">"&D154) + 1) -> 120 | J154: =TRIM(C154) & (COUNTIFS($C$4:$C$123, C154, $I$4:$I$123, ">"&I154) + 1) -> 1
C155: =IF(DATA_IMPORT!D153="", "", DATA_IMPORT!D153) | H155: =IF(D155=0, COUNTIFS($C$4:$C$123, C155, $B$4:$B$123, "<>"), COUNTIFS($C$4:$C$123, C155, $D$4:$D$123, ">"&D155) + 1) -> 120 | J155: =TRIM(C155) & (COUNTIFS($C$4:$C$123, C155, $I$4:$I$123, ">"&I155) + 1) -> 1
C156: =IF(DATA_IMPORT!D154="", "", DATA_IMPORT!D154) | H156: =IF(D156=0, COUNTIFS($C$4:$C$123, C156, $B$4:$B$123, "<>"), COUNTIFS($C$4:$C$123, C156, $D$4:$D$123, ">"&D156) + 1) -> 120 | J156: =TRIM(C156) & (COUNTIFS($C$4:$C$123, C156, $I$4:$I$123, ">"&I156) + 1) -> 1
H157: =IF(D157=0, COUNTIFS($C$4:$C$123, C157, $B$4:$B$123, "<>"), COUNTIFS($C$4:$C$123, C157, $D$4:$D$123, ">"&D157) + 1) -> 0 | J157: =TRIM(C157) & (COUNTIFS($C$4:$C$123, C157, $I$4:$I$123, ">"&I157) + 1) -> 1
H158: =IF(D158=0, COUNTIFS($C$4:$C$123, C158, $B$4:$B$123, "<>"), COUNTIFS($C$4:$C$123, C158, $D$4:$D$123, ">"&D158) + 1) -> 0 | J158: =TRIM(C158) & (COUNTIFS($C$4:$C$123, C158, $I$4:$I$123, ">"&I158) + 1) -> 1
H159: =IF(D159=0, COUNTIFS($C$4:$C$123, C159, $B$4:$B$123, "<>"), COUNTIFS($C$4:$C$123, C159, $D$4:$D$123, ">"&D159) + 1) -> 0 | J159: =TRIM(C159) & (COUNTIFS($C$4:$C$123, C159, $I$4:$I$123, ">"&I159) + 1) -> 1
H160: =IF(D160=0, COUNTIFS($C$4:$C$123, C160, $B$4:$B$123, "<>"), COUNTIFS($C$4:$C$123, C160, $D$4:$D$123, ">"&D160) + 1) -> 0 | J160: =TRIM(C160) & (COUNTIFS($C$4:$C$123, C160, $I$4:$I$123, ">"&I160) + 1) -> 1
H161: =IF(D161=0, COUNTIFS($C$4:$C$123, C161, $B$4:$B$123, "<>"), COUNTIFS($C$4:$C$123, C161, $D$4:$D$123, ">"&D161) + 1) -> 0 | J161: =TRIM(C161) & (COUNTIFS($C$4:$C$123, C161, $I$4:$I$123, ">"&I161) + 1) -> 1
H162: =IF(D162=0, COUNTIFS($C$4:$C$123, C162, $B$4:$B$123, "<>"), COUNTIFS($C$4:$C$123, C162, $D$4:$D$123, ">"&D162) + 1) -> 0 | J162: =TRIM(C162) & (COUNTIFS($C$4:$C$123, C162, $I$4:$I$123, ">"&I162) + 1) -> 1
H163: =IF(D163=0, COUNTIFS($C$4:$C$123, C163, $B$4:$B$123, "<>"), COUNTIFS($C$4:$C$123, C163, $D$4:$D$123, ">"&D163) + 1) -> 0 | J163: =TRIM(C163) & (COUNTIFS($C$4:$C$123, C163, $I$4:$I$123, ">"&I163) + 1) -> 1
H164: =IF(D164=0, COUNTIFS($C$4:$C$123, C164, $B$4:$B$123, "<>"), COUNTIFS($C$4:$C$123, C164, $D$4:$D$123, ">"&D164) + 1) -> 0 | J164: =TRIM(C164) & (COUNTIFS($C$4:$C$123, C164, $I$4:$I$123, ">"&I164) + 1) -> 1
H165: =IF(D165=0, COUNTIFS($C$4:$C$123, C165, $B$4:$B$123, "<>"), COUNTIFS($C$4:$C$123, C165, $D$4:$D$123, ">"&D165) + 1) -> 0 | J165: =TRIM(C165) & (COUNTIFS($C$4:$C$123, C165, $I$4:$I$123, ">"&I165) + 1) -> 1
H166: =IF(D166=0, COUNTIFS($C$4:$C$123, C166, $B$4:$B$123, "<>"), COUNTIFS($C$4:$C$123, C166, $D$4:$D$123, ">"&D166) + 1) -> 0 | J166: =TRIM(C166) & (COUNTIFS($C$4:$C$123, C166, $I$4:$I$123, ">"&I166) + 1) -> 1
H167: =IF(D167=0, COUNTIFS($C$4:$C$123, C167, $B$4:$B$123, "<>"), COUNTIFS($C$4:$C$123, C167, $D$4:$D$123, ">"&D167) + 1) -> 0 | J167: =TRIM(C167) & (COUNTIFS($C$4:$C$123, C167, $I$4:$I$123, ">"&I167) + 1) -> 1
H168: =IF(D168=0, COUNTIFS($C$4:$C$123, C168, $B$4:$B$123, "<>"), COUNTIFS($C$4:$C$123, C168, $D$4:$D$123, ">"&D168) + 1) -> 0 | J168: =TRIM(C168) & (COUNTIFS($C$4:$C$123, C168, $I$4:$I$123, ">"&I168) + 1) -> 1
... H1122: =IF(D1122=0, COUNTIFS($C$4:$C$123, C1122, $B$4:$B$123, "<>"), COUNTIFS($C$4:$C$123, C1122, $D$4:$D$123, ">"&D1122) + 1) -> 0 | J1122: =TRIM(C1122) & (COUNTIFS($C$4:$C$123, C1122, $I$4:$I$123, ">"&I1122) + 1) -> 1

Sheet ZONE 1
B1: ZONE RESULTS - DAY 1
A2: POS | B2: NAME | C2: TEAM | D2: P.N.B.S | E2: PT | F2: POS | G2: NAME | H2: TEAM | I2: P.N.B.S | J2: PT | K2: POS | L2: NAME | M2: TEAM | N2: P.N.B.S | O2: PT | P2: POS | Q2: NAME | R2: TEAM | S2: P.N.B.S | T2: PT
A3: 1 | B3: =IFERROR(INDEX('DAY 1 SCORES'!$B:$B, MATCH("RED" & $A3, 'DAY 1 SCORES'!$J:$J, 0)), "") | C3: =IFERROR(INDEX(DATA_IMPORT!$B:$B, MATCH(B3, DATA_IMPORT!$A:$A, 0)), "") | D3: =IFERROR(VLOOKUP($B3, 'DAY 1 SCORES'!$B:$K, 10, FALSE), "") -> /// | E3: =IF(B3="", "", IFERROR(INDEX('DAY 1 SCORES'!$H:$H, MATCH(B3, 'DAY 1 SCORES'!$B:$B, 0)), "")) | F3: 1 | G3: =IFERROR(INDEX('DAY 1 SCORES'!$B:$B, MATCH("YELLOW" & $A3, 'DAY 1 SCORES'!$J:$J, 0)), "") | H3: =IFERROR(INDEX(DATA_IMPORT!$B:$B, MATCH(G3, DATA_IMPORT!$A:$A, 0)), "") | I3: =IFERROR(VLOOKUP($G3, 'DAY 1 SCORES'!$B:$K, 10, FALSE), "") -> /// | J3: =IF(G3="", "", IFERROR(INDEX('DAY 1 SCORES'!$H:$H, MATCH(G3, 'DAY 1 SCORES'!$B:$B, 0)), "")) | K3: 1 | L3: =IFERROR(INDEX('DAY 1 SCORES'!$B:$B, MATCH("GREEN" & $A3, 'DAY 1 SCORES'!$J:$J, 0)), "") | M3: =IFERROR(INDEX(DATA_IMPORT!$B:$B, MATCH(L3, DATA_IMPORT!$A:$A, 0)), "") | N3: =IFERROR(VLOOKUP($L3, 'DAY 1 SCORES'!$B:$K, 10, FALSE), "") -> /// | O3: =IF(L3="", "", IFERROR(INDEX('DAY 1 SCORES'!$H:$H, MATCH(L3, 'DAY 1 SCORES'!$B:$B, 0)), "")) | P3: 1 | Q3: =IFERROR(INDEX('DAY 1 SCORES'!$B:$B, MATCH("BLUE" & $A3, 'DAY 1 SCORES'!$J:$J, 0)), "") | R3: =IFERROR(INDEX(DATA_IMPORT!$B:$B, MATCH(Q3, DATA_IMPORT!$A:$A, 0)), "") | S3: =IFERROR(VLOOKUP($Q3, 'DAY 1 SCORES'!$B:$K, 10, FALSE), "") -> /// | T3: =IF(Q3="", "", IFERROR(INDEX('DAY 1 SCORES'!$H:$H, MATCH(Q3, 'DAY 1 SCORES'!$B:$B, 0)), ""))
A4: 2 | B4: =IFERROR(INDEX('DAY 1 SCORES'!$B:$B, MATCH("RED" & $A4, 'DAY 1 SCORES'!$J:$J, 0)), "") | C4: =IFERROR(INDEX(DATA_IMPORT!$B:$B, MATCH(B4, DATA_IMPORT!$A:$A, 0)), "") | D4: =IFERROR(VLOOKUP($B4, 'DAY 1 SCORES'!$B:$K, 10, FALSE), "") -> /// | E4: =IF(B4="", "", IFERROR(INDEX('DAY 1 SCORES'!$H:$H, MATCH(B4, 'DAY 1 SCORES'!$B:$B, 0)), "")) | F4: 2 | G4: =IFERROR(INDEX('DAY 1 SCORES'!$B:$B, MATCH("YELLOW" & $A4, 'DAY 1 SCORES'!$J:$J, 0)), "") | H4: =IFERROR(INDEX(DATA_IMPORT!$B:$B, MATCH(G4, DATA_IMPORT!$A:$A, 0)), "") | I4: =IFERROR(VLOOKUP($G4, 'DAY 1 SCORES'!$B:$K, 10, FALSE), "") -> /// | J4: =IF(G4="", "", IFERROR(INDEX('DAY 1 SCORES'!$H:$H, MATCH(G4, 'DAY 1 SCORES'!$B:$B, 0)), "")) | K4: 2 | L4: =IFERROR(INDEX('DAY 1 SCORES'!$B:$B, MATCH("GREEN" & $A4, 'DAY 1 SCORES'!$J:$J, 0)), "") | M4: =IFERROR(INDEX(DATA_IMPORT!$B:$B, MATCH(L4, DATA_IMPORT!$A:$A, 0)), "") | N4: =IFERROR(VLOOKUP($L4, 'DAY 1 SCORES'!$B:$K, 10, FALSE), "") -> /// | O4: =IF(L4="", "", IFERROR(INDEX('DAY 1 SCORES'!$H:$H, MATCH(L4, 'DAY 1 SCORES'!$B:$B, 0)), "")) | P4: 2 | Q4: =IFERROR(INDEX('DAY 1 SCORES'!$B:$B, MATCH("BLUE" & $A4, 'DAY 1 SCORES'!$J:$J, 0)), "") | R4: =IFERROR(INDEX(DATA_IMPORT!$B:$B, MATCH(Q4, DATA_IMPORT!$A:$A, 0)), "") | S4: =IFERROR(VLOOKUP($Q4, 'DAY 1 SCORES'!$B:$K, 10, FALSE), "") -> /// | T4: =IF(Q4="", "", IFERROR(INDEX('DAY 1 SCORES'!$H:$H, MATCH(Q4, 'DAY 1 SCORES'!$B:$B, 0)), ""))
A5: 3 | B5: =IFERROR(INDEX('DAY 1 SCORES'!$B:$B, MATCH("RED" & $A5, 'DAY 1 SCORES'!$J:$J, 0)), "") | C5: =IFERROR(INDEX(DATA_IMPORT!$B:$B, MATCH(B5, DATA_IMPORT!$A:$A, 0)), "") | D5: =IFERROR(VLOOKUP($B5, 'DAY 1 SCORES'!$B:$K, 10, FALSE), "") -> /// | E5: =IF(B5="", "", IFERROR(INDEX('DAY 1 SCORES'!$H:$H, MATCH(B5, 'DAY 1 SCORES'!$B:$B, 0)), "")) | F5: 3 | G5: =IFERROR(INDEX('DAY 1 SCORES'!$B:$B, MATCH("YELLOW" & $A5, 'DAY 1 SCORES'!$J:$J, 0)), "") | H5: =IFERROR(INDEX(DATA_IMPORT!$B:$B, MATCH(G5, DATA_IMPORT!$A:$A, 0)), "") | I5: =IFERROR(VLOOKUP($G5, 'DAY 1 SCORES'!$B:$K, 10, FALSE), "") -> /// | J5: =IF(G5="", "", IFERROR(INDEX('DAY 1 SCORES'!$H:$H, MATCH(G5, 'DAY 1 SCORES'!$B:$B, 0)), "")) | K5: 3 | L5: =IFERROR(INDEX('DAY 1 SCORES'!$B:$B, MATCH("GREEN" & $A5, 'DAY 1 SCORES'!$J:$J, 0)), "") | M5: =IFERROR(INDEX(DATA_IMPORT!$B:$B, MATCH(L5, DATA_IMPORT!$A:$A, 0)), "") | N5: =IFERROR(VLOOKUP($L5, 'DAY 1 SCORES'!$B:$K, 10, FALSE), "") -> /// | O5: =IF(L5="", "", IFERROR(INDEX('DAY 1 SCORES'!$H:$H, MATCH(L5, 'DAY 1 SCORES'!$B:$B, 0)), "")) | P5: 3 | Q5: =IFERROR(INDEX('DAY 1 SCORES'!$B:$B, MATCH("BLUE" & $A5, 'DAY 1 SCORES'!$J:$J, 0)), "") | R5: =IFERROR(INDEX(DATA_IMPORT!$B:$B, MATCH(Q5, DATA_IMPORT!$A:$A, 0)), "") | S5: =IFERROR(VLOOKUP($Q5, 'DAY 1 SCORES'!$B:$K, 10, FALSE), "") -> /// | T5: =IF(Q5="", "", IFERROR(INDEX('DAY 1 SCORES'!$H:$H, MATCH(Q5, 'DAY 1 SCORES'!$B:$B, 0)), ""))
A6: 4 | B6: =IFERROR(INDEX('DAY 1 SCORES'!$B:$B, MATCH("RED" & $A6, 'DAY 1 SCORES'!$J:$J, 0)), "") | C6: =IFERROR(INDEX(DATA_IMPORT!$B:$B, MATCH(B6, DATA_IMPORT!$A:$A, 0)), "") | D6: =IFERROR(VLOOKUP($B6, 'DAY 1 SCORES'!$B:$K, 10, FALSE), "") -> /// | E6: =IF(B6="", "", IFERROR(INDEX('DAY 1 SCORES'!$H:$H, MATCH(B6, 'DAY 1 SCORES'!$B:$B, 0)), "")) | F6: 4 | G6: =IFERROR(INDEX('DAY 1 SCORES'!$B:$B, MATCH("YELLOW" & $A6, 'DAY 1 SCORES'!$J:$J, 0)), "") | H6: =IFERROR(INDEX(DATA_IMPORT!$B:$B, MATCH(G6, DATA_IMPORT!$A:$A, 0)), "") | I6: =IFERROR(VLOOKUP($G6, 'DAY 1 SCORES'!$B:$K, 10, FALSE), "") -> /// | J6: =IF(G6="", "", IFERROR(INDEX('DAY 1 SCORES'!$H:$H, MATCH(G6, 'DAY 1 SCORES'!$B:$B, 0)), "")) | K6: 4 | L6: =IFERROR(INDEX('DAY 1 SCORES'!$B:$B, MATCH("GREEN" & $A6, 'DAY 1 SCORES'!$J:$J, 0)), "") | M6: =IFERROR(INDEX(DATA_IMPORT!$B:$B, MATCH(L6, DATA_IMPORT!$A:$A, 0)), "") | N6: =IFERROR(VLOOKUP($L6, 'DAY 1 SCORES'!$B:$K, 10, FALSE), "") -> /// | O6: =IF(L6="", "", IFERROR(INDEX('DAY 1 SCORES'!$H:$H, MATCH(L6, 'DAY 1 SCORES'!$B:$B, 0)), "")) | P6: 4 | Q6: =IFERROR(INDEX('DAY 1 SCORES'!$B:$B, MATCH("BLUE" & $A6, 'DAY 1 SCORES'!$J:$J, 0)), "") | R6: =IFERROR(INDEX(DATA_IMPORT!$B:$B, MATCH(Q6, DATA_IMPORT!$A:$A, 0)), "") | S6: =IFERROR(VLOOKUP($Q6, 'DAY 1 SCORES'!$B:$K, 10, FALSE), "") -> /// | T6: =IF(Q6="", "", IFERROR(INDEX('DAY 1 SCORES'!$H:$H, MATCH(Q6, 'DAY 1 SCORES'!$B:$B, 0)), ""))
A7: 5 | B7: =IFERROR(INDEX('DAY 1 SCORES'!$B:$B, MATCH("RED" & $A7, 'DAY 1 SCORES'!$J:$J, 0)), "") | C7: =IFERROR(INDEX(DATA_IMPORT!$B:$B, MATCH(B7, DATA_IMPORT!$A:$A, 0)), "") | D7: =IFERROR(VLOOKUP($B7, 'DAY 1 SCORES'!$B:$K, 10, FALSE), "") -> /// | E7: =IF(B7="", "", IFERROR(INDEX('DAY 1 SCORES'!$H:$H, MATCH(B7, 'DAY 1 SCORES'!$B:$B, 0)), "")) | F7: 5 | G7: =IFERROR(INDEX('DAY 1 SCORES'!$B:$B, MATCH("YELLOW" & $A7, 'DAY 1 SCORES'!$J:$J, 0)), "") | H7: =IFERROR(INDEX(DATA_IMPORT!$B:$B, MATCH(G7, DATA_IMPORT!$A:$A, 0)), "") | I7: =IFERROR(VLOOKUP($G7, 'DAY 1 SCORES'!$B:$K, 10, FALSE), "") -> /// | J7: =IF(G7="", "", IFERROR(INDEX('DAY 1 SCORES'!$H:$H, MATCH(G7, 'DAY 1 SCORES'!$B:$B, 0)), "")) | K7: 5 | L7: =IFERROR(INDEX('DAY 1 SCORES'!$B:$B, MATCH("GREEN" & $A7, 'DAY 1 SCORES'!$J:$J, 0)), "") | M7: =IFERROR(INDEX(DATA_IMPORT!$B:$B, MATCH(L7, DATA_IMPORT!$A:$A, 0)), "") | N7: =IFERROR(VLOOKUP($L7, 'DAY 1 SCORES'!$B:$K, 10, FALSE), "") -> /// | O7: =IF(L7="", "", IFERROR(INDEX('DAY 1 SCORES'!$H:$H, MATCH(L7, 'DAY 1 SCORES'!$B:$B, 0)), "")) | P7: 5 | Q7: =IFERROR(INDEX('DAY 1 SCORES'!$B:$B, MATCH("BLUE" & $A7, 'DAY 1 SCORES'!$J:$J, 0)), "") | R7: =IFERROR(INDEX(DATA_IMPORT!$B:$B, MATCH(Q7, DATA_IMPORT!$A:$A, 0)), "") | S7: =IFERROR(VLOOKUP($Q7, 'DAY 1 SCORES'!$B:$K, 10, FALSE), "") -> /// | T7: =IF(Q7="", "", IFERROR(INDEX('DAY 1 SCORES'!$H:$H, MATCH(Q7, 'DAY 1 SCORES'!$B:$B, 0)), ""))
A8: 6 | B8: =IFERROR(INDEX('DAY 1 SCORES'!$B:$B, MATCH("RED" & $A8, 'DAY 1 SCORES'!$J:$J, 0)), "") | C8: =IFERROR(INDEX(DATA_IMPORT!$B:$B, MATCH(B8, DATA_IMPORT!$A:$A, 0)), "") | D8: =IFERROR(VLOOKUP($B8, 'DAY 1 SCORES'!$B:$K, 10, FALSE), "") -> /// | E8: =IF(B8="", "", IFERROR(INDEX('DAY 1 SCORES'!$H:$H, MATCH(B8, 'DAY 1 SCORES'!$B:$B, 0)), "")) | F8: 6 | G8: =IFERROR(INDEX('DAY 1 SCORES'!$B:$B, MATCH("YELLOW" & $A8, 'DAY 1 SCORES'!$J:$J, 0)), "") | H8: =IFERROR(INDEX(DATA_IMPORT!$B:$B, MATCH(G8, DATA_IMPORT!$A:$A, 0)), "") | I8: =IFERROR(VLOOKUP($G8, 'DAY 1 SCORES'!$B:$K, 10, FALSE), "") -> /// | J8: =IF(G8="", "", IFERROR(INDEX('DAY 1 SCORES'!$H:$H, MATCH(G8, 'DAY 1 SCORES'!$B:$B, 0)), "")) | K8: 6 | L8: =IFERROR(INDEX('DAY 1 SCORES'!$B:$B, MATCH("GREEN" & $A8, 'DAY 1 SCORES'!$J:$J, 0)), "") | M8: =IFERROR(INDEX(DATA_IMPORT!$B:$B, MATCH(L8, DATA_IMPORT!$A:$A, 0)), "") | N8: =IFERROR(VLOOKUP($L8, 'DAY 1 SCORES'!$B:$K, 10, FALSE), "") -> /// | O8: =IF(L8="", "", IFERROR(INDEX('DAY 1 SCORES'!$H:$H, MATCH(L8, 'DAY 1 SCORES'!$B:$B, 0)), "")) | P8: 6 | Q8: =IFERROR(INDEX('DAY 1 SCORES'!$B:$B, MATCH("BLUE" & $A8, 'DAY 1 SCORES'!$J:$J, 0)), "") | R8: =IFERROR(INDEX(DATA_IMPORT!$B:$B, MATCH(Q8, DATA_IMPORT!$A:$A, 0)), "") | S8: =IFERROR(VLOOKUP($Q8, 'DAY 1 SCORES'!$B:$K, 10, FALSE), "") -> /// | T8: =IF(Q8="", "", IFERROR(INDEX('DAY 1 SCORES'!$H:$H, MATCH(Q8, 'DAY 1 SCORES'!$B:$B, 0)), ""))
A9: 7 | B9: =IFERROR(INDEX('DAY 1 SCORES'!$B:$B, MATCH("RED" & $A9, 'DAY 1 SCORES'!$J:$J, 0)), "") | C9: =IFERROR(INDEX(DATA_IMPORT!$B:$B, MATCH(B9, DATA_IMPORT!$A:$A, 0)), "") | D9: =IFERROR(VLOOKUP($B9, 'DAY 1 SCORES'!$B:$K, 10, FALSE), "") -> /// | E9: =IF(B9="", "", IFERROR(INDEX('DAY 1 SCORES'!$H:$H, MATCH(B9, 'DAY 1 SCORES'!$B:$B, 0)), "")) | F9: 7 | G9: =IFERROR(INDEX('DAY 1 SCORES'!$B:$B, MATCH("YELLOW" & $A9, 'DAY 1 SCORES'!$J:$J, 0)), "") | H9: =IFERROR(INDEX(DATA_IMPORT!$B:$B, MATCH(G9, DATA_IMPORT!$A:$A, 0)), "") | I9: =IFERROR(VLOOKUP($G9, 'DAY 1 SCORES'!$B:$K, 10, FALSE), "") -> /// | J9: =IF(G9="", "", IFERROR(INDEX('DAY 1 SCORES'!$H:$H, MATCH(G9, 'DAY 1 SCORES'!$B:$B, 0)), "")) | K9: 7 | L9: =IFERROR(INDEX('DAY 1 SCORES'!$B:$B, MATCH("GREEN" & $A9, 'DAY 1 SCORES'!$J:$J, 0)), "") | M9: =IFERROR(INDEX(DATA_IMPORT!$B:$B, MATCH(L9, DATA_IMPORT!$A:$A, 0)), "") | N9: =IFERROR(VLOOKUP($L9, 'DAY 1 SCORES'!$B:$K, 10, FALSE), "") -> /// | O9: =IF(L9="", "", IFERROR(INDEX('DAY 1 SCORES'!$H:$H, MATCH(L9, 'DAY 1 SCORES'!$B:$B, 0)), "")) | P9: 7 | Q9: =IFERROR(INDEX('DAY 1 SCORES'!$B:$B, MATCH("BLUE" & $A9, 'DAY 1 SCORES'!$J:$J, 0)), "") | R9: =IFERROR(INDEX(DATA_IMPORT!$B:$B, MATCH(Q9, DATA_IMPORT!$A:$A, 0)), "") | S9: =IFERROR(VLOOKUP($Q9, 'DAY 1 SCORES'!$B:$K, 10, FALSE), "") -> /// | T9: =IF(Q9="", "", IFERROR(INDEX('DAY 1 SCORES'!$H:$H, MATCH(Q9, 'DAY 1 SCORES'!$B:$B, 0)), ""))
A10: 8 | B10: =IFERROR(INDEX('DAY 1 SCORES'!$B:$B, MATCH("RED" & $A10, 'DAY 1 SCORES'!$J:$J, 0)), "") | C10: =IFERROR(INDEX(DATA_IMPORT!$B:$B, MATCH(B10, DATA_IMPORT!$A:$A, 0)), "") | D10: =IFERROR(VLOOKUP($B10, 'DAY 1 SCORES'!$B:$K, 10, FALSE), "") -> /// | E10: =IF(B10="", "", IFERROR(INDEX('DAY 1 SCORES'!$H:$H, MATCH(B10, 'DAY 1 SCORES'!$B:$B, 0)), "")) | F10: 8 | G10: =IFERROR(INDEX('DAY 1 SCORES'!$B:$B, MATCH("YELLOW" & $A10, 'DAY 1 SCORES'!$J:$J, 0)), "") | H10: =IFERROR(INDEX(DATA_IMPORT!$B:$B, MATCH(G10, DATA_IMPORT!$A:$A, 0)), "") | I10: =IFERROR(VLOOKUP($G10, 'DAY 1 SCORES'!$B:$K, 10, FALSE), "") -> /// | J10: =IF(G10="", "", IFERROR(INDEX('DAY 1 SCORES'!$H:$H, MATCH(G10, 'DAY 1 SCORES'!$B:$B, 0)), "")) | K10: 8 | L10: =IFERROR(INDEX('DAY 1 SCORES'!$B:$B, MATCH("GREEN" & $A10, 'DAY 1 SCORES'!$J:$J, 0)), "") | M10: =IFERROR(INDEX(DATA_IMPORT!$B:$B, MATCH(L10, DATA_IMPORT!$A:$A, 0)), "") | N10: =IFERROR(VLOOKUP($L10, 'DAY 1 SCORES'!$B:$K, 10, FALSE), "") -> /// | O10: =IF(L10="", "", IFERROR(INDEX('DAY 1 SCORES'!$H:$H, MATCH(L10, 'DAY 1 SCORES'!$B:$B, 0)), "")) | P10: 8 | Q10: =IFERROR(INDEX('DAY 1 SCORES'!$B:$B, MATCH("BLUE" & $A10, 'DAY 1 SCORES'!$J:$J, 0)), "") | R10: =IFERROR(INDEX(DATA_IMPORT!$B:$B, MATCH(Q10, DATA_IMPORT!$A:$A, 0)), "") | S10: =IFERROR(VLOOKUP($Q10, 'DAY 1 SCORES'!$B:$K, 10, FALSE), "") -> /// | T10: =IF(Q10="", "", IFERROR(INDEX('DAY 1 SCORES'!$H:$H, MATCH(Q10, 'DAY 1 SCORES'!$B:$B, 0)), ""))
A11: 9 | B11: =IFERROR(INDEX('DAY 1 SCORES'!$B:$B, MATCH("RED" & $A11, 'DAY 1 SCORES'!$J:$J, 0)), "") | C11: =IFERROR(INDEX(DATA_IMPORT!$B:$B, MATCH(B11, DATA_IMPORT!$A:$A, 0)), "") | D11: =IFERROR(VLOOKUP($B11, 'DAY 1 SCORES'!$B:$K, 10, FALSE), "") -> /// | E11: =IF(B11="", "", IFERROR(INDEX('DAY 1 SCORES'!$H:$H, MATCH(B11, 'DAY 1 SCORES'!$B:$B, 0)), "")) | F11: 9 | G11: =IFERROR(INDEX('DAY 1 SCORES'!$B:$B, MATCH("YELLOW" & $A11, 'DAY 1 SCORES'!$J:$J, 0)), "") | H11: =IFERROR(INDEX(DATA_IMPORT!$B:$B, MATCH(G11, DATA_IMPORT!$A:$A, 0)), "") | I11: =IFERROR(VLOOKUP($G11, 'DAY 1 SCORES'!$B:$K, 10, FALSE), "") -> /// | J11: =IF(G11="", "", IFERROR(INDEX('DAY 1 SCORES'!$H:$H, MATCH(G11, 'DAY 1 SCORES'!$B:$B, 0)), "")) | K11: 9 | L11: =IFERROR(INDEX('DAY 1 SCORES'!$B:$B, MATCH("GREEN" & $A11, 'DAY 1 SCORES'!$J:$J, 0)), "") | M11: =IFERROR(INDEX(DATA_IMPORT!$B:$B, MATCH(L11, DATA_IMPORT!$A:$A, 0)), "") | N11: =IFERROR(VLOOKUP($L11, 'DAY 1 SCORES'!$B:$K, 10, FALSE), "") -> /// | O11: =IF(L11="", "", IFERROR(INDEX('DAY 1 SCORES'!$H:$H, MATCH(L11, 'DAY 1 SCORES'!$B:$B, 0)), "")) | P11: 9 | Q11: =IFERROR(INDEX('DAY 1 SCORES'!$B:$B, MATCH("BLUE" & $A11, 'DAY 1 SCORES'!$J:$J, 0)), "") | R11: =IFERROR(INDEX(DATA_IMPORT!$B:$B, MATCH(Q11, DATA_IMPORT!$A:$A, 0)), "") | S11: =IFERROR(VLOOKUP($Q11, 'DAY 1 SCORES'!$B:$K, 10, FALSE), "") -> /// | T11: =IF(Q11="", "", IFERROR(INDEX('DAY 1 SCORES'!$H:$H, MATCH(Q11, 'DAY 1 SCORES'!$B:$B, 0)), ""))
A12: 10 | B12: =IFERROR(INDEX('DAY 1 SCORES'!$B:$B, MATCH("RED" & $A12, 'DAY 1 SCORES'!$J:$J, 0)), "") | C12: =IFERROR(INDEX(DATA_IMPORT!$B:$B, MATCH(B12, DATA_IMPORT!$A:$A, 0)), "") | D12: =IFERROR(VLOOKUP($B12, 'DAY 1 SCORES'!$B:$K, 10, FALSE), "") -> /// | E12: =IF(B12="", "", IFERROR(INDEX('DAY 1 SCORES'!$H:$H, MATCH(B12, 'DAY 1 SCORES'!$B:$B, 0)), "")) | F12: 10 | G12: =IFERROR(INDEX('DAY 1 SCORES'!$B:$B, MATCH("YELLOW" & $A12, 'DAY 1 SCORES'!$J:$J, 0)), "") | H12: =IFERROR(INDEX(DATA_IMPORT!$B:$B, MATCH(G12, DATA_IMPORT!$A:$A, 0)), "") | I12: =IFERROR(VLOOKUP($G12, 'DAY 1 SCORES'!$B:$K, 10, FALSE), "") -> /// | J12: =IF(G12="", "", IFERROR(INDEX('DAY 1 SCORES'!$H:$H, MATCH(G12, 'DAY 1 SCORES'!$B:$B, 0)), "")) | K12: 10 | L12: =IFERROR(INDEX('DAY 1 SCORES'!$B:$B, MATCH("GREEN" & $A12, 'DAY 1 SCORES'!$J:$J, 0)), "") | M12: =IFERROR(INDEX(DATA_IMPORT!$B:$B, MATCH(L12, DATA_IMPORT!$A:$A, 0)), "") | N12: =IFERROR(VLOOKUP($L12, 'DAY 1 SCORES'!$B:$K, 10, FALSE), "") -> /// | O12: =IF(L12="", "", IFERROR(INDEX('DAY 1 SCORES'!$H:$H, MATCH(L12, 'DAY 1 SCORES'!$B:$B, 0)), "")) | P12: 10 | Q12: =IFERROR(INDEX('DAY 1 SCORES'!$B:$B, MATCH("BLUE" & $A12, 'DAY 1 SCORES'!$J:$J, 0)), "") | R12: =IFERROR(INDEX(DATA_IMPORT!$B:$B, MATCH(Q12, DATA_IMPORT!$A:$A, 0)), "") | S12: =IFERROR(VLOOKUP($Q12, 'DAY 1 SCORES'!$B:$K, 10, FALSE), "") -> /// | T12: =IF(Q12="", "", IFERROR(INDEX('DAY 1 SCORES'!$H:$H, MATCH(Q12, 'DAY 1 SCORES'!$B:$B, 0)), ""))
A13: 11 | B13: =IFERROR(INDEX('DAY 1 SCORES'!$B:$B, MATCH("RED" & $A13, 'DAY 1 SCORES'!$J:$J, 0)), "") | C13: =IFERROR(INDEX(DATA_IMPORT!$B:$B, MATCH(B13, DATA_IMPORT!$A:$A, 0)), "") | D13: =IFERROR(VLOOKUP($B13, 'DAY 1 SCORES'!$B:$K, 10, FALSE), "") -> /// | E13: =IF(B13="", "", IFERROR(INDEX('DAY 1 SCORES'!$H:$H, MATCH(B13, 'DAY 1 SCORES'!$B:$B, 0)), "")) | F13: 11 | G13: =IFERROR(INDEX('DAY 1 SCORES'!$B:$B, MATCH("YELLOW" & $A13, 'DAY 1 SCORES'!$J:$J, 0)), "") | H13: =IFERROR(INDEX(DATA_IMPORT!$B:$B, MATCH(G13, DATA_IMPORT!$A:$A, 0)), "") | I13: =IFERROR(VLOOKUP($G13, 'DAY 1 SCORES'!$B:$K, 10, FALSE), "") -> /// | J13: =IF(G13="", "", IFERROR(INDEX('DAY 1 SCORES'!$H:$H, MATCH(G13, 'DAY 1 SCORES'!$B:$B, 0)), "")) | K13: 11 | L13: =IFERROR(INDEX('DAY 1 SCORES'!$B:$B, MATCH("GREEN" & $A13, 'DAY 1 SCORES'!$J:$J, 0)), "") | M13: =IFERROR(INDEX(DATA_IMPORT!$B:$B, MATCH(L13, DATA_IMPORT!$A:$A, 0)), "") | N13: =IFERROR(VLOOKUP($L13, 'DAY 1 SCORES'!$B:$K, 10, FALSE), "") -> /// | O13: =IF(L13="", "", IFERROR(INDEX('DAY 1 SCORES'!$H:$H, MATCH(L13, 'DAY 1 SCORES'!$B:$B, 0)), "")) | P13: 11 | Q13: =IFERROR(INDEX('DAY 1 SCORES'!$B:$B, MATCH("BLUE" & $A13, 'DAY 1 SCORES'!$J:$J, 0)), "") | R13: =IFERROR(INDEX(DATA_IMPORT!$B:$B, MATCH(Q13, DATA_IMPORT!$A:$A, 0)), "") | S13: =IFERROR(VLOOKUP($Q13, 'DAY 1 SCORES'!$B:$K, 10, FALSE), "") -> /// | T13: =IF(Q13="", "", IFERROR(INDEX('DAY 1 SCORES'!$H:$H, MATCH(Q13, 'DAY 1 SCORES'!$B:$B, 0)), ""))
A14: 12 | B14: =IFERROR(INDEX('DAY 1 SCORES'!$B:$B, MATCH("RED" & $A14, 'DAY 1 SCORES'!$J:$J, 0)), "") | C14: =IFERROR(INDEX(DATA_IMPORT!$B:$B, MATCH(B14, DATA_IMPORT!$A:$A, 0)), "") | D14: =IFERROR(VLOOKUP($B14, 'DAY 1 SCORES'!$B:$K, 10, FALSE), "") -> /// | E14: =IF(B14="", "", IFERROR(INDEX('DAY 1 SCORES'!$H:$H, MATCH(B14, 'DAY 1 SCORES'!$B:$B, 0)), "")) | F14: 12 | G14: =IFERROR(INDEX('DAY 1 SCORES'!$B:$B, MATCH("YELLOW" & $A14, 'DAY 1 SCORES'!$J:$J, 0)), "") | H14: =IFERROR(INDEX(DATA_IMPORT!$B:$B, MATCH(G14, DATA_IMPORT!$A:$A, 0)), "") | I14: =IFERROR(VLOOKUP($G14, 'DAY 1 SCORES'!$B:$K, 10, FALSE), "") -> /// | J14: =IF(G14="", "", IFERROR(INDEX('DAY 1 SCORES'!$H:$H, MATCH(G14, 'DAY 1 SCORES'!$B:$B, 0)), "")) | K14: 12 | L14: =IFERROR(INDEX('DAY 1 SCORES'!$B:$B, MATCH("GREEN" & $A14, 'DAY 1 SCORES'!$J:$J, 0)), "") | M14: =IFERROR(INDEX(DATA_IMPORT!$B:$B, MATCH(L14, DATA_IMPORT!$A:$A, 0)), "") | N14: =IFERROR(VLOOKUP($L14, 'DAY 1 SCORES'!$B:$K, 10, FALSE), "") -> /// | O14: =IF(L14="", "", IFERROR(INDEX('DAY 1 SCORES'!$H:$H, MATCH(L14, 'DAY 1 SCORES'!$B:$B, 0)), "")) | P14: 12 | Q14: =IFERROR(INDEX('DAY 1 SCORES'!$B:$B, MATCH("BLUE" & $A14, 'DAY 1 SCORES'!$J:$J, 0)), "") | R14: =IFERROR(INDEX(DATA_IMPORT!$B:$B, MATCH(Q14, DATA_IMPORT!$A:$A, 0)), "") | S14: =IFERROR(VLOOKUP($Q14, 'DAY 1 SCORES'!$B:$K, 10, FALSE), "") -> /// | T14: =IF(Q14="", "", IFERROR(INDEX('DAY 1 SCORES'!$H:$H, MATCH(Q14, 'DAY 1 SCORES'!$B:$B, 0)), ""))
... A31: 29 | B31: =IFERROR(INDEX('DAY 1 SCORES'!$B:$B, MATCH("RED" & $A31, 'DAY 1 SCORES'!$J:$J, 0)), "") | C31: =IFERROR(INDEX(DATA_IMPORT!$B:$B, MATCH(B31, DATA_IMPORT!$A:$A, 0)), "") | D31: =IFERROR(VLOOKUP($B31, 'DAY 1 SCORES'!$B:$K, 10, FALSE), "") -> /// | E31: =IF(B31="", "", IFERROR(INDEX('DAY 1 SCORES'!$H:$H, MATCH(B31, 'DAY 1 SCORES'!$B:$B, 0)), "")) | F31: 29 | G31: =IFERROR(INDEX('DAY 1 SCORES'!$B:$B, MATCH("YELLOW" & $A31, 'DAY 1 SCORES'!$J:$J, 0)), "") | H31: =IFERROR(INDEX(DATA_IMPORT!$B:$B, MATCH(G31, DATA_IMPORT!$A:$A, 0)), "") | I31: =IFERROR(VLOOKUP($G31, 'DAY 1 SCORES'!$B:$K, 10, FALSE), "") -> /// | J31: =IF(G31="", "", IFERROR(INDEX('DAY 1 SCORES'!$H:$H, MATCH(G31, 'DAY 1 SCORES'!$B:$B, 0)), "")) | K31: 29 | L31: =IFERROR(INDEX('DAY 1 SCORES'!$B:$B, MATCH("GREEN" & $A31, 'DAY 1 SCORES'!$J:$J, 0)), "") | M31: =IFERROR(INDEX(DATA_IMPORT!$B:$B, MATCH(L31, DATA_IMPORT!$A:$A, 0)), "") | N31: =IFERROR(VLOOKUP($L31, 'DAY 1 SCORES'!$B:$K, 10, FALSE), "") -> /// | O31: =IF(L31="", "", IFERROR(INDEX('DAY 1 SCORES'!$H:$H, MATCH(L31, 'DAY 1 SCORES'!$B:$B, 0)), "")) | P31: 29 | Q31: =IFERROR(INDEX('DAY 1 SCORES'!$B:$B, MATCH("BLUE" & $A31, 'DAY 1 SCORES'!$J:$J, 0)), "") | R31: =IFERROR(INDEX(DATA_IMPORT!$B:$B, MATCH(Q31, DATA_IMPORT!$A:$A, 0)), "") | S31: =IFERROR(VLOOKUP($Q31, 'DAY 1 SCORES'!$B:$K, 10, FALSE), "") -> /// | T31: =IF(Q31="", "", IFERROR(INDEX('DAY 1 SCORES'!$H:$H, MATCH(Q31, 'DAY 1 SCORES'!$B:$B, 0)), ""))
B32: =IFERROR(INDEX('DAY 1 SCORES'!$B:$B, MATCH("RED" & $A32, 'DAY 1 SCORES'!$J:$J, 0)), "") | C32: =IFERROR(INDEX(DATA_IMPORT!$B:$B, MATCH(B32, DATA_IMPORT!$A:$A, 0)), "") | D32: =IFERROR(VLOOKUP($B32, 'DAY 1 SCORES'!$B:$K, 10, FALSE), "") -> /// | E32: =IF(B32="", "", IFERROR(INDEX('DAY 1 SCORES'!$H:$H, MATCH(B32, 'DAY 1 SCORES'!$B:$B, 0)), "")) | F32: 30 | G32: =IFERROR(INDEX('DAY 1 SCORES'!$B:$B, MATCH("YELLOW" & $A32, 'DAY 1 SCORES'!$J:$J, 0)), "") | H32: =IFERROR(INDEX(DATA_IMPORT!$B:$B, MATCH(G32, DATA_IMPORT!$A:$A, 0)), "") | I32: =IFERROR(VLOOKUP($G32, 'DAY 1 SCORES'!$B:$K, 10, FALSE), "") -> /// | J32: =IF(G32="", "", IFERROR(INDEX('DAY 1 SCORES'!$H:$H, MATCH(G32, 'DAY 1 SCORES'!$B:$B, 0)), "")) | K32: 30 | L32: =IFERROR(INDEX('DAY 1 SCORES'!$B:$B, MATCH("GREEN" & $A32, 'DAY 1 SCORES'!$J:$J, 0)), "") | M32: =IFERROR(INDEX(DATA_IMPORT!$B:$B, MATCH(L32, DATA_IMPORT!$A:$A, 0)), "") | N32: =IFERROR(VLOOKUP($L32, 'DAY 1 SCORES'!$B:$K, 10, FALSE), "") -> /// | O32: =IF(L32="", "", IFERROR(INDEX('DAY 1 SCORES'!$H:$H, MATCH(L32, 'DAY 1 SCORES'!$B:$B, 0)), "")) | P32: 30 | Q32: =IFERROR(INDEX('DAY 1 SCORES'!$B:$B, MATCH("BLUE" & $A32, 'DAY 1 SCORES'!$J:$J, 0)), "") | R32: =IFERROR(INDEX(DATA_IMPORT!$B:$B, MATCH(Q32, DATA_IMPORT!$A:$A, 0)), "") | S32: =IFERROR(VLOOKUP($Q32, 'DAY 1 SCORES'!$B:$K, 10, FALSE), "") -> /// | T32: =IF(Q32="", "", IFERROR(INDEX('DAY 1 SCORES'!$H:$H, MATCH(Q32, 'DAY 1 SCORES'!$B:$B, 0)), ""))
B33: =IFERROR(INDEX('DAY 1 SCORES'!$B:$B, MATCH("RED" & $A33, 'DAY 1 SCORES'!$J:$J, 0)), "") | C33: =IFERROR(INDEX(DATA_IMPORT!$B:$B, MATCH(B33, DATA_IMPORT!$A:$A, 0)), "") | D33: =IFERROR(VLOOKUP($B33, 'DAY 1 SCORES'!$B:$K, 10, FALSE), "") -> /// | E33: =IF(B33="", "", IFERROR(INDEX('DAY 1 SCORES'!$H:$H, MATCH(B33, 'DAY 1 SCORES'!$B:$B, 0)), "")) | F33: 31 | G33: =IFERROR(INDEX('DAY 1 SCORES'!$B:$B, MATCH("YELLOW" & $A33, 'DAY 1 SCORES'!$J:$J, 0)), "") | H33: =IFERROR(INDEX(DATA_IMPORT!$B:$B, MATCH(G33, DATA_IMPORT!$A:$A, 0)), "") | I33: =IFERROR(VLOOKUP($G33, 'DAY 1 SCORES'!$B:$K, 10, FALSE), "") -> /// | J33: =IF(G33="", "", IFERROR(INDEX('DAY 1 SCORES'!$H:$H, MATCH(G33, 'DAY 1 SCORES'!$B:$B, 0)), "")) | K33: 31 | L33: =IFERROR(INDEX('DAY 1 SCORES'!$B:$B, MATCH("GREEN" & $A33, 'DAY 1 SCORES'!$J:$J, 0)), "") | M33: =IFERROR(INDEX(DATA_IMPORT!$B:$B, MATCH(L33, DATA_IMPORT!$A:$A, 0)), "") | N33: =IFERROR(VLOOKUP($L33, 'DAY 1 SCORES'!$B:$K, 10, FALSE), "") -> /// | O33: =IF(L33="", "", IFERROR(INDEX('DAY 1 SCORES'!$H:$H, MATCH(L33, 'DAY 1 SCORES'!$B:$B, 0)), "")) | P33: 31 | Q33: =IFERROR(INDEX('DAY 1 SCORES'!$B:$B, MATCH("BLUE" & $A33, 'DAY 1 SCORES'!$J:$J, 0)), "") | R33: =IFERROR(INDEX(DATA_IMPORT!$B:$B, MATCH(Q33, DATA_IMPORT!$A:$A, 0)), "") | S33: =IFERROR(VLOOKUP($Q33, 'DAY 1 SCORES'!$B:$K, 10, FALSE), "") -> /// | T33: =IF(Q33="", "", IFERROR(INDEX('DAY 1 SCORES'!$H:$H, MATCH(Q33, 'DAY 1 SCORES'!$B:$B, 0)), ""))
B34: =IFERROR(INDEX('DAY 1 SCORES'!$B:$B, MATCH("RED" & $A34, 'DAY 1 SCORES'!$J:$J, 0)), "") | C34: =IFERROR(INDEX(DATA_IMPORT!$B:$B, MATCH(B34, DATA_IMPORT!$A:$A, 0)), "") | D34: =IFERROR(VLOOKUP($B34, 'DAY 1 SCORES'!$B:$K, 10, FALSE), "") -> /// | E34: =IF(B34="", "", IFERROR(INDEX('DAY 1 SCORES'!$H:$H, MATCH(B34, 'DAY 1 SCORES'!$B:$B, 0)), "")) | F34: 32 | G34: =IFERROR(INDEX('DAY 1 SCORES'!$B:$B, MATCH("YELLOW" & $A34, 'DAY 1 SCORES'!$J:$J, 0)), "") | H34: =IFERROR(INDEX(DATA_IMPORT!$B:$B, MATCH(G34, DATA_IMPORT!$A:$A, 0)), "") | I34: =IFERROR(VLOOKUP($G34, 'DAY 1 SCORES'!$B:$K, 10, FALSE), "") -> /// | J34: =IF(G34="", "", IFERROR(INDEX('DAY 1 SCORES'!$H:$H, MATCH(G34, 'DAY 1 SCORES'!$B:$B, 0)), "")) | K34: 32 | L34: =IFERROR(INDEX('DAY 1 SCORES'!$B:$B, MATCH("GREEN" & $A34, 'DAY 1 SCORES'!$J:$J, 0)), "") | M34: =IFERROR(INDEX(DATA_IMPORT!$B:$B, MATCH(L34, DATA_IMPORT!$A:$A, 0)), "") | N34: =IFERROR(VLOOKUP($L34, 'DAY 1 SCORES'!$B:$K, 10, FALSE), "") -> /// | O34: =IF(L34="", "", IFERROR(INDEX('DAY 1 SCORES'!$H:$H, MATCH(L34, 'DAY 1 SCORES'!$B:$B, 0)), "")) | P34: 32 | Q34: =IFERROR(INDEX('DAY 1 SCORES'!$B:$B, MATCH("BLUE" & $A34, 'DAY 1 SCORES'!$J:$J, 0)), "") | R34: =IFERROR(INDEX(DATA_IMPORT!$B:$B, MATCH(Q34, DATA_IMPORT!$A:$A, 0)), "") | S34: =IFERROR(VLOOKUP($Q34, 'DAY 1 SCORES'!$B:$K, 10, FALSE), "") -> /// | T34: =IF(Q34="", "", IFERROR(INDEX('DAY 1 SCORES'!$H:$H, MATCH(Q34, 'DAY 1 SCORES'!$B:$B, 0)), ""))
B35: =IFERROR(INDEX('DAY 1 SCORES'!$B:$B, MATCH("RED" & $A35, 'DAY 1 SCORES'!$J:$J, 0)), "") | C35: =IFERROR(INDEX(DATA_IMPORT!$B:$B, MATCH(B35, DATA_IMPORT!$A:$A, 0)), "") | D35: =IFERROR(VLOOKUP($B35, 'DAY 1 SCORES'!$B:$K, 10, FALSE), "") -> /// | E35: =IF(B35="", "", IFERROR(INDEX('DAY 1 SCORES'!$H:$H, MATCH(B35, 'DAY 1 SCORES'!$B:$B, 0)), "")) | F35: 33 | G35: =IFERROR(INDEX('DAY 1 SCORES'!$B:$B, MATCH("YELLOW" & $A35, 'DAY 1 SCORES'!$J:$J, 0)), "") | H35: =IFERROR(INDEX(DATA_IMPORT!$B:$B, MATCH(G35, DATA_IMPORT!$A:$A, 0)), "") | I35: =IFERROR(VLOOKUP($G35, 'DAY 1 SCORES'!$B:$K, 10, FALSE), "") -> /// | J35: =IF(G35="", "", IFERROR(INDEX('DAY 1 SCORES'!$H:$H, MATCH(G35, 'DAY 1 SCORES'!$B:$B, 0)), "")) | K35: 33 | L35: =IFERROR(INDEX('DAY 1 SCORES'!$B:$B, MATCH("GREEN" & $A35, 'DAY 1 SCORES'!$J:$J, 0)), "") | M35: =IFERROR(INDEX(DATA_IMPORT!$B:$B, MATCH(L35, DATA_IMPORT!$A:$A, 0)), "") | N35: =IFERROR(VLOOKUP($L35, 'DAY 1 SCORES'!$B:$K, 10, FALSE), "") -> /// | O35: =IF(L35="", "", IFERROR(INDEX('DAY 1 SCORES'!$H:$H, MATCH(L35, 'DAY 1 SCORES'!$B:$B, 0)), "")) | P35: 33 | Q35: =IFERROR(INDEX('DAY 1 SCORES'!$B:$B, MATCH("BLUE" & $A35, 'DAY 1 SCORES'!$J:$J, 0)), "") | R35: =IFERROR(INDEX(DATA_IMPORT!$B:$B, MATCH(Q35, DATA_IMPORT!$A:$A, 0)), "") | S35: =IFERROR(VLOOKUP($Q35, 'DAY 1 SCORES'!$B:$K, 10, FALSE), "") -> /// | T35: =IF(Q35="", "", IFERROR(INDEX('DAY 1 SCORES'!$H:$H, MATCH(Q35, 'DAY 1 SCORES'!$B:$B, 0)), ""))
B36: =IFERROR(INDEX('DAY 1 SCORES'!$B:$B, MATCH("RED" & $A36, 'DAY 1 SCORES'!$J:$J, 0)), "") | C36: =IFERROR(INDEX(DATA_IMPORT!$B:$B, MATCH(B36, DATA_IMPORT!$A:$A, 0)), "") | D36: =IFERROR(VLOOKUP($B36, 'DAY 1 SCORES'!$B:$K, 10, FALSE), "") -> /// | E36: =IF(B36="", "", IFERROR(INDEX('DAY 1 SCORES'!$H:$H, MATCH(B36, 'DAY 1 SCORES'!$B:$B, 0)), "")) | F36: 34 | G36: =IFERROR(INDEX('DAY 1 SCORES'!$B:$B, MATCH("YELLOW" & $A36, 'DAY 1 SCORES'!$J:$J, 0)), "") | H36: =IFERROR(INDEX(DATA_IMPORT!$B:$B, MATCH(G36, DATA_IMPORT!$A:$A, 0)), "") | I36: =IFERROR(VLOOKUP($G36, 'DAY 1 SCORES'!$B:$K, 10, FALSE), "") -> /// | J36: =IF(G36="", "", IFERROR(INDEX('DAY 1 SCORES'!$H:$H, MATCH(G36, 'DAY 1 SCORES'!$B:$B, 0)), "")) | K36: 34 | L36: =IFERROR(INDEX('DAY 1 SCORES'!$B:$B, MATCH("GREEN" & $A36, 'DAY 1 SCORES'!$J:$J, 0)), "") | M36: =IFERROR(INDEX(DATA_IMPORT!$B:$B, MATCH(L36, DATA_IMPORT!$A:$A, 0)), "") | N36: =IFERROR(VLOOKUP($L36, 'DAY 1 SCORES'!$B:$K, 10, FALSE), "") -> /// | O36: =IF(L36="", "", IFERROR(INDEX('DAY 1 SCORES'!$H:$H, MATCH(L36, 'DAY 1 SCORES'!$B:$B, 0)), "")) | P36: 34 | Q36: =IFERROR(INDEX('DAY 1 SCORES'!$B:$B, MATCH("BLUE" & $A36, 'DAY 1 SCORES'!$J:$J, 0)), "") | R36: =IFERROR(INDEX(DATA_IMPORT!$B:$B, MATCH(Q36, DATA_IMPORT!$A:$A, 0)), "") | S36: =IFERROR(VLOOKUP($Q36, 'DAY 1 SCORES'!$B:$K, 10, FALSE), "") -> /// | T36: =IF(Q36="", "", IFERROR(INDEX('DAY 1 SCORES'!$H:$H, MATCH(Q36, 'DAY 1 SCORES'!$B:$B, 0)), ""))
B37: =IFERROR(INDEX('DAY 1 SCORES'!$B:$B, MATCH("RED" & $A37, 'DAY 1 SCORES'!$J:$J, 0)), "") | C37: =IFERROR(INDEX(DATA_IMPORT!$B:$B, MATCH(B37, DATA_IMPORT!$A:$A, 0)), "") | D37: =IFERROR(VLOOKUP($B37, 'DAY 1 SCORES'!$B:$K, 10, FALSE), "") -> /// | E37: =IF(B37="", "", IFERROR(INDEX('DAY 1 SCORES'!$H:$H, MATCH(B37, 'DAY 1 SCORES'!$B:$B, 0)), "")) | F37: 35 | G37: =IFERROR(INDEX('DAY 1 SCORES'!$B:$B, MATCH("YELLOW" & $A37, 'DAY 1 SCORES'!$J:$J, 0)), "") | H37: =IFERROR(INDEX(DATA_IMPORT!$B:$B, MATCH(G37, DATA_IMPORT!$A:$A, 0)), "") | I37: =IFERROR(VLOOKUP($G37, 'DAY 1 SCORES'!$B:$K, 10, FALSE), "") -> /// | J37: =IF(G37="", "", IFERROR(INDEX('DAY 1 SCORES'!$H:$H, MATCH(G37, 'DAY 1 SCORES'!$B:$B, 0)), "")) | K37: 35 | L37: =IFERROR(INDEX('DAY 1 SCORES'!$B:$B, MATCH("GREEN" & $A37, 'DAY 1 SCORES'!$J:$J, 0)), "") | M37: =IFERROR(INDEX(DATA_IMPORT!$B:$B, MATCH(L37, DATA_IMPORT!$A:$A, 0)), "") | N37: =IFERROR(VLOOKUP($L37, 'DAY 1 SCORES'!$B:$K, 10, FALSE), "") -> /// | O37: =IF(L37="", "", IFERROR(INDEX('DAY 1 SCORES'!$H:$H, MATCH(L37, 'DAY 1 SCORES'!$B:$B, 0)), "")) | P37: 35 | Q37: =IFERROR(INDEX('DAY 1 SCORES'!$B:$B, MATCH("BLUE" & $A37, 'DAY 1 SCORES'!$J:$J, 0)), "") | R37: =IFERROR(INDEX(DATA_IMPORT!$B:$B, MATCH(Q37, DATA_IMPORT!$A:$A, 0)), "") | S37: =IFERROR(VLOOKUP($Q37, 'DAY 1 SCORES'!$B:$K, 10, FALSE), "") -> /// | T37: =IF(Q37="", "", IFERROR(INDEX('DAY 1 SCORES'!$H:$H, MATCH(Q37, 'DAY 1 SCORES'!$B:$B, 0)), ""))
B38: =IFERROR(INDEX('DAY 1 SCORES'!$B:$B, MATCH("RED" & $A38, 'DAY 1 SCORES'!$J:$J, 0)), "") | C38: =IFERROR(INDEX(DATA_IMPORT!$B:$B, MATCH(B38, DATA_IMPORT!$A:$A, 0)), "") | D38: =IFERROR(VLOOKUP($B38, 'DAY 1 SCORES'!$B:$K, 10, FALSE), "") -> /// | E38: =IF(B38="", "", IFERROR(INDEX('DAY 1 SCORES'!$H:$H, MATCH(B38, 'DAY 1 SCORES'!$B:$B, 0)), "")) | F38: 36 | G38: =IFERROR(INDEX('DAY 1 SCORES'!$B:$B, MATCH("YELLOW" & $A38, 'DAY 1 SCORES'!$J:$J, 0)), "") | H38: =IFERROR(INDEX(DATA_IMPORT!$B:$B, MATCH(G38, DATA_IMPORT!$A:$A, 0)), "") | I38: =IFERROR(VLOOKUP($G38, 'DAY 1 SCORES'!$B:$K, 10, FALSE), "") -> /// | J38: =IF(G38="", "", IFERROR(INDEX('DAY 1 SCORES'!$H:$H, MATCH(G38, 'DAY 1 SCORES'!$B:$B, 0)), "")) | K38: 36 | L38: =IFERROR(INDEX('DAY 1 SCORES'!$B:$B, MATCH("GREEN" & $A38, 'DAY 1 SCORES'!$J:$J, 0)), "") | M38: =IFERROR(INDEX(DATA_IMPORT!$B:$B, MATCH(L38, DATA_IMPORT!$A:$A, 0)), "") | N38: =IFERROR(VLOOKUP($L38, 'DAY 1 SCORES'!$B:$K, 10, FALSE), "") -> /// | O38: =IF(L38="", "", IFERROR(INDEX('DAY 1 SCORES'!$H:$H, MATCH(L38, 'DAY 1 SCORES'!$B:$B, 0)), "")) | P38: 36 | Q38: =IFERROR(INDEX('DAY 1 SCORES'!$B:$B, MATCH("BLUE" & $A38, 'DAY 1 SCORES'!$J:$J, 0)), "") | R38: =IFERROR(INDEX(DATA_IMPORT!$B:$B, MATCH(Q38, DATA_IMPORT!$A:$A, 0)), "") | S38: =IFERROR(VLOOKUP($Q38, 'DAY 1 SCORES'!$B:$K, 10, FALSE), "") -> /// | T38: =IF(Q38="", "", IFERROR(INDEX('DAY 1 SCORES'!$H:$H, MATCH(Q38, 'DAY 1 SCORES'!$B:$B, 0)), ""))
B39: =IFERROR(INDEX('DAY 1 SCORES'!$B:$B, MATCH("RED" & $A39, 'DAY 1 SCORES'!$J:$J, 0)), "") | C39: =IFERROR(INDEX(DATA_IMPORT!$B:$B, MATCH(B39, DATA_IMPORT!$A:$A, 0)), "") | D39: =IFERROR(VLOOKUP($B39, 'DAY 1 SCORES'!$B:$K, 10, FALSE), "") -> /// | E39: =IF(B39="", "", IFERROR(INDEX('DAY 1 SCORES'!$H:$H, MATCH(B39, 'DAY 1 SCORES'!$B:$B, 0)), "")) | F39: 37 | G39: =IFERROR(INDEX('DAY 1 SCORES'!$B:$B, MATCH("YELLOW" & $A39, 'DAY 1 SCORES'!$J:$J, 0)), "") | H39: =IFERROR(INDEX(DATA_IMPORT!$B:$B, MATCH(G39, DATA_IMPORT!$A:$A, 0)), "") | I39: =IFERROR(VLOOKUP($G39, 'DAY 1 SCORES'!$B:$K, 10, FALSE), "") -> /// | J39: =IF(G39="", "", IFERROR(INDEX('DAY 1 SCORES'!$H:$H, MATCH(G39, 'DAY 1 SCORES'!$B:$B, 0)), "")) | K39: 37 | L39: =IFERROR(INDEX('DAY 1 SCORES'!$B:$B, MATCH("GREEN" & $A39, 'DAY 1 SCORES'!$J:$J, 0)), "") | M39: =IFERROR(INDEX(DATA_IMPORT!$B:$B, MATCH(L39, DATA_IMPORT!$A:$A, 0)), "") | N39: =IFERROR(VLOOKUP($L39, 'DAY 1 SCORES'!$B:$K, 10, FALSE), "") -> /// | O39: =IF(L39="", "", IFERROR(INDEX('DAY 1 SCORES'!$H:$H, MATCH(L39, 'DAY 1 SCORES'!$B:$B, 0)), "")) | P39: 37 | Q39: =IFERROR(INDEX('DAY 1 SCORES'!$B:$B, MATCH("BLUE" & $A39, 'DAY 1 SCORES'!$J:$J, 0)), "") | R39: =IFERROR(INDEX(DATA_IMPORT!$B:$B, MATCH(Q39, DATA_IMPORT!$A:$A, 0)), "") | S39: =IFERROR(VLOOKUP($Q39, 'DAY 1 SCORES'!$B:$K, 10, FALSE), "") -> /// | T39: =IF(Q39="", "", IFERROR(INDEX('DAY 1 SCORES'!$H:$H, MATCH(Q39, 'DAY 1 SCORES'!$B:$B, 0)), ""))
B40: =IFERROR(INDEX('DAY 1 SCORES'!$B:$B, MATCH("RED" & $A40, 'DAY 1 SCORES'!$J:$J, 0)), "") | C40: =IFERROR(INDEX(DATA_IMPORT!$B:$B, MATCH(B40, DATA_IMPORT!$A:$A, 0)), "") | D40: =IFERROR(VLOOKUP($B40, 'DAY 1 SCORES'!$B:$K, 10, FALSE), "") -> /// | E40: =IF(B40="", "", IFERROR(INDEX('DAY 1 SCORES'!$H:$H, MATCH(B40, 'DAY 1 SCORES'!$B:$B, 0)), "")) | F40: 38 | G40: =IFERROR(INDEX('DAY 1 SCORES'!$B:$B, MATCH("YELLOW" & $A40, 'DAY 1 SCORES'!$J:$J, 0)), "") | H40: =IFERROR(INDEX(DATA_IMPORT!$B:$B, MATCH(G40, DATA_IMPORT!$A:$A, 0)), "") | I40: =IFERROR(VLOOKUP($G40, 'DAY 1 SCORES'!$B:$K, 10, FALSE), "") -> /// | J40: =IF(G40="", "", IFERROR(INDEX('DAY 1 SCORES'!$H:$H, MATCH(G40, 'DAY 1 SCORES'!$B:$B, 0)), "")) | K40: 38 | L40: =IFERROR(INDEX('DAY 1 SCORES'!$B:$B, MATCH("GREEN" & $A40, 'DAY 1 SCORES'!$J:$J, 0)), "") | M40: =IFERROR(INDEX(DATA_IMPORT!$B:$B, MATCH(L40, DATA_IMPORT!$A:$A, 0)), "") | N40: =IFERROR(VLOOKUP($L40, 'DAY 1 SCORES'!$B:$K, 10, FALSE), "") -> /// | O40: =IF(L40="", "", IFERROR(INDEX('DAY 1 SCORES'!$H:$H, MATCH(L40, 'DAY 1 SCORES'!$B:$B, 0)), "")) | P40: 38 | Q40: =IFERROR(INDEX('DAY 1 SCORES'!$B:$B, MATCH("BLUE" & $A40, 'DAY 1 SCORES'!$J:$J, 0)), "") | R40: =IFERROR(INDEX(DATA_IMPORT!$B:$B, MATCH(Q40, DATA_IMPORT!$A:$A, 0)), "") | S40: =IFERROR(VLOOKUP($Q40, 'DAY 1 SCORES'!$B:$K, 10, FALSE), "") -> /// | T40: =IF(Q40="", "", IFERROR(INDEX('DAY 1 SCORES'!$H:$H, MATCH(Q40, 'DAY 1 SCORES'!$B:$B, 0)), ""))
B41: =IFERROR(INDEX('DAY 1 SCORES'!$B:$B, MATCH("RED" & $A41, 'DAY 1 SCORES'!$J:$J, 0)), "") | C41: =IFERROR(INDEX(DATA_IMPORT!$B:$B, MATCH(B41, DATA_IMPORT!$A:$A, 0)), "") | D41: =IFERROR(VLOOKUP($B41, 'DAY 1 SCORES'!$B:$K, 10, FALSE), "") -> /// | E41: =IF(B41="", "", IFERROR(INDEX('DAY 1 SCORES'!$H:$H, MATCH(B41, 'DAY 1 SCORES'!$B:$B, 0)), "")) | F41: 39 | G41: =IFERROR(INDEX('DAY 1 SCORES'!$B:$B, MATCH("YELLOW" & $A41, 'DAY 1 SCORES'!$J:$J, 0)), "") | H41: =IFERROR(INDEX(DATA_IMPORT!$B:$B, MATCH(G41, DATA_IMPORT!$A:$A, 0)), "") | I41: =IFERROR(VLOOKUP($G41, 'DAY 1 SCORES'!$B:$K, 10, FALSE), "") -> /// | J41: =IF(G41="", "", IFERROR(INDEX('DAY 1 SCORES'!$H:$H, MATCH(G41, 'DAY 1 SCORES'!$B:$B, 0)), "")) | K41: 39 | L41: =IFERROR(INDEX('DAY 1 SCORES'!$B:$B, MATCH("GREEN" & $A41, 'DAY 1 SCORES'!$J:$J, 0)), "") | M41: =IFERROR(INDEX(DATA_IMPORT!$B:$B, MATCH(L41, DATA_IMPORT!$A:$A, 0)), "") | N41: =IFERROR(VLOOKUP($L41, 'DAY 1 SCORES'!$B:$K, 10, FALSE), "") -> /// | O41: =IF(L41="", "", IFERROR(INDEX('DAY 1 SCORES'!$H:$H, MATCH(L41, 'DAY 1 SCORES'!$B:$B, 0)), "")) | P41: 39 | Q41: =IFERROR(INDEX('DAY 1 SCORES'!$B:$B, MATCH("BLUE" & $A41, 'DAY 1 SCORES'!$J:$J, 0)), "") | R41: =IFERROR(INDEX(DATA_IMPORT!$B:$B, MATCH(Q41, DATA_IMPORT!$A:$A, 0)), "") | S41: =IFERROR(VLOOKUP($Q41, 'DAY 1 SCORES'!$B:$K, 10, FALSE), "") -> /// | T41: =IF(Q41="", "", IFERROR(INDEX('DAY 1 SCORES'!$H:$H, MATCH(Q41, 'DAY 1 SCORES'!$B:$B, 0)), ""))
B42: =IFERROR(INDEX('DAY 1 SCORES'!$B:$B, MATCH("RED" & $A42, 'DAY 1 SCORES'!$J:$J, 0)), "") | C42: =IFERROR(INDEX(DATA_IMPORT!$B:$B, MATCH(B42, DATA_IMPORT!$A:$A, 0)), "") | D42: =IFERROR(VLOOKUP($B42, 'DAY 1 SCORES'!$B:$K, 10, FALSE), "") -> /// | E42: =IF(B42="", "", IFERROR(INDEX('DAY 1 SCORES'!$H:$H, MATCH(B42, 'DAY 1 SCORES'!$B:$B, 0)), "")) | F42: 40 | G42: =IFERROR(INDEX('DAY 1 SCORES'!$B:$B, MATCH("YELLOW" & $A42, 'DAY 1 SCORES'!$J:$J, 0)), "") | H42: =IFERROR(INDEX(DATA_IMPORT!$B:$B, MATCH(G42, DATA_IMPORT!$A:$A, 0)), "") | I42: =IFERROR(VLOOKUP($G42, 'DAY 1 SCORES'!$B:$K, 10, FALSE), "") -> /// | J42: =IF(G42="", "", IFERROR(INDEX('DAY 1 SCORES'!$H:$H, MATCH(G42, 'DAY 1 SCORES'!$B:$B, 0)), "")) | K42: 40 | L42: =IFERROR(INDEX('DAY 1 SCORES'!$B:$B, MATCH("GREEN" & $A42, 'DAY 1 SCORES'!$J:$J, 0)), "") | M42: =IFERROR(INDEX(DATA_IMPORT!$B:$B, MATCH(L42, DATA_IMPORT!$A:$A, 0)), "") | N42: =IFERROR(VLOOKUP($L42, 'DAY 1 SCORES'!$B:$K, 10, FALSE), "") -> /// | O42: =IF(L42="", "", IFERROR(INDEX('DAY 1 SCORES'!$H:$H, MATCH(L42, 'DAY 1 SCORES'!$B:$B, 0)), "")) | P42: 40 | Q42: =IFERROR(INDEX('DAY 1 SCORES'!$B:$B, MATCH("BLUE" & $A42, 'DAY 1 SCORES'!$J:$J, 0)), "") | R42: =IFERROR(INDEX(DATA_IMPORT!$B:$B, MATCH(Q42, DATA_IMPORT!$A:$A, 0)), "") | S42: =IFERROR(VLOOKUP($Q42, 'DAY 1 SCORES'!$B:$K, 10, FALSE), "") -> /// | T42: =IF(Q42="", "", IFERROR(INDEX('DAY 1 SCORES'!$H:$H, MATCH(Q42, 'DAY 1 SCORES'!$B:$B, 0)), ""))
B43: =IFERROR(INDEX('DAY 1 SCORES'!$B:$B, MATCH("RED" & $A43, 'DAY 1 SCORES'!$J:$J, 0)), "") | C43: =IFERROR(INDEX(DATA_IMPORT!$B:$B, MATCH(B43, DATA_IMPORT!$A:$A, 0)), "") | D43: =IFERROR(VLOOKUP($B43, 'DAY 1 SCORES'!$B:$K, 10, FALSE), "") -> /// | E43: =IF(B43="", "", IFERROR(INDEX('DAY 1 SCORES'!$H:$H, MATCH(B43, 'DAY 1 SCORES'!$B:$B, 0)), "")) | F43: 41 | G43: =IFERROR(INDEX('DAY 1 SCORES'!$B:$B, MATCH("YELLOW" & $A43, 'DAY 1 SCORES'!$J:$J, 0)), "") | H43: =IFERROR(INDEX(DATA_IMPORT!$B:$B, MATCH(G43, DATA_IMPORT!$A:$A, 0)), "") | I43: =IFERROR(VLOOKUP($G43, 'DAY 1 SCORES'!$B:$K, 10, FALSE), "") -> /// | J43: =IF(G43="", "", IFERROR(INDEX('DAY 1 SCORES'!$H:$H, MATCH(G43, 'DAY 1 SCORES'!$B:$B, 0)), "")) | K43: 41 | L43: =IFERROR(INDEX('DAY 1 SCORES'!$B:$B, MATCH("GREEN" & $A43, 'DAY 1 SCORES'!$J:$J, 0)), "") | M43: =IFERROR(INDEX(DATA_IMPORT!$B:$B, MATCH(L43, DATA_IMPORT!$A:$A, 0)), "") | N43: =IFERROR(VLOOKUP($L43, 'DAY 1 SCORES'!$B:$K, 10, FALSE), "") -> /// | O43: =IF(L43="", "", IFERROR(INDEX('DAY 1 SCORES'!$H:$H, MATCH(L43, 'DAY 1 SCORES'!$B:$B, 0)), "")) | P43: 41 | Q43: =IFERROR(INDEX('DAY 1 SCORES'!$B:$B, MATCH("BLUE" & $A43, 'DAY 1 SCORES'!$J:$J, 0)), "") | R43: =IFERROR(INDEX(DATA_IMPORT!$B:$B, MATCH(Q43, DATA_IMPORT!$A:$A, 0)), "") | S43: =IFERROR(VLOOKUP($Q43, 'DAY 1 SCORES'!$B:$K, 10, FALSE), "") -> /// | T43: =IF(Q43="", "", IFERROR(INDEX('DAY 1 SCORES'!$H:$H, MATCH(Q43, 'DAY 1 SCORES'!$B:$B, 0)), ""))
... B65: =IFERROR(INDEX('DAY 1 SCORES'!$B:$B, MATCH("RED" & $A65, 'DAY 1 SCORES'!$J:$J, 0)), "") | C65: =IFERROR(INDEX(DATA_IMPORT!$B:$B, MATCH(B65, DATA_IMPORT!$A:$A, 0)), "") | D65: =IFERROR(VLOOKUP($B65, 'DAY 1 SCORES'!$B:$K, 10, FALSE), "") -> /// | E65: =IF(B65="", "", IFERROR(INDEX('DAY 1 SCORES'!$H:$H, MATCH(B65, 'DAY 1 SCORES'!$B:$B, 0)), "")) | F65: 63 | G65: =IFERROR(INDEX('DAY 1 SCORES'!$B:$B, MATCH("YELLOW" & $A65, 'DAY 1 SCORES'!$J:$J, 0)), "") | H65: =IFERROR(INDEX(DATA_IMPORT!$B:$B, MATCH(G65, DATA_IMPORT!$A:$A, 0)), "") | I65: =IFERROR(VLOOKUP($G65, 'DAY 1 SCORES'!$B:$K, 10, FALSE), "") -> /// | J65: =IF(G65="", "", IFERROR(INDEX('DAY 1 SCORES'!$H:$H, MATCH(G65, 'DAY 1 SCORES'!$B:$B, 0)), "")) | K65: 63 | L65: =IFERROR(INDEX('DAY 1 SCORES'!$B:$B, MATCH("GREEN" & $A65, 'DAY 1 SCORES'!$J:$J, 0)), "") | M65: =IFERROR(INDEX(DATA_IMPORT!$B:$B, MATCH(L65, DATA_IMPORT!$A:$A, 0)), "") | N65: =IFERROR(VLOOKUP($L65, 'DAY 1 SCORES'!$B:$K, 10, FALSE), "") -> /// | O65: =IF(L65="", "", IFERROR(INDEX('DAY 1 SCORES'!$H:$H, MATCH(L65, 'DAY 1 SCORES'!$B:$B, 0)), "")) | P65: 63 | Q65: =IFERROR(INDEX('DAY 1 SCORES'!$B:$B, MATCH("BLUE" & $A65, 'DAY 1 SCORES'!$J:$J, 0)), "") | R65: =IFERROR(INDEX(DATA_IMPORT!$B:$B, MATCH(Q65, DATA_IMPORT!$A:$A, 0)), "") | S65: =IFERROR(VLOOKUP($Q65, 'DAY 1 SCORES'!$B:$K, 10, FALSE), "") -> /// | T65: =IF(Q65="", "", IFERROR(INDEX('DAY 1 SCORES'!$H:$H, MATCH(Q65, 'DAY 1 SCORES'!$B:$B, 0)), ""))
B66: =IFERROR(INDEX('DAY 1 SCORES'!$B:$B, MATCH("RED" & $A66, 'DAY 1 SCORES'!$J:$J, 0)), "") | C66: =IFERROR(INDEX(DATA_IMPORT!$B:$B, MATCH(B66, DATA_IMPORT!$A:$A, 0)), "") | D66: =IFERROR(VLOOKUP($B66, 'DAY 1 SCORES'!$B:$K, 10, FALSE), "") -> /// | E66: =IF(B66="", "", IFERROR(INDEX('DAY 1 SCORES'!$H:$H, MATCH(B66, 'DAY 1 SCORES'!$B:$B, 0)), "")) | F66: 64 | G66: =IFERROR(INDEX('DAY 1 SCORES'!$B:$B, MATCH("YELLOW" & $A66, 'DAY 1 SCORES'!$J:$J, 0)), "") | H66: =IFERROR(INDEX(DATA_IMPORT!$B:$B, MATCH(G66, DATA_IMPORT!$A:$A, 0)), "") | I66: =IFERROR(VLOOKUP($G66, 'DAY 1 SCORES'!$B:$K, 10, FALSE), "") -> /// | J66: =IF(G66="", "", IFERROR(INDEX('DAY 1 SCORES'!$H:$H, MATCH(G66, 'DAY 1 SCORES'!$B:$B, 0)), "")) | K66: 64 | L66: =IFERROR(INDEX('DAY 1 SCORES'!$B:$B, MATCH("GREEN" & $A66, 'DAY 1 SCORES'!$J:$J, 0)), "") | M66: =IFERROR(INDEX(DATA_IMPORT!$B:$B, MATCH(L66, DATA_IMPORT!$A:$A, 0)), "") | N66: =IFERROR(VLOOKUP($L66, 'DAY 1 SCORES'!$B:$K, 10, FALSE), "") -> /// | O66: =IF(L66="","",K66) | P66: 64 | Q66: =IFERROR(INDEX('DAY 1 SCORES'!$B:$B, MATCH("BLUE" & $A66, 'DAY 1 SCORES'!$J:$J, 0)), "") | R66: =IFERROR(INDEX(DATA_IMPORT!$B:$B, MATCH(Q66, DATA_IMPORT!$A:$A, 0)), "") | S66: =IFERROR(VLOOKUP($Q66, 'DAY 1 SCORES'!$B:$K, 10, FALSE), "") -> /// | T66: =IF(Q66="", "", IFERROR(INDEX('DAY 1 SCORES'!$H:$H, MATCH(Q66, 'DAY 1 SCORES'!$B:$B, 0)), ""))
B67: =IFERROR(INDEX('DAY 1 SCORES'!$B:$B, MATCH("RED" & $A67, 'DAY 1 SCORES'!$J:$J, 0)), "") | C67: =IFERROR(INDEX(DATA_IMPORT!$B:$B, MATCH(B67, DATA_IMPORT!$A:$A, 0)), "") | D67: =IFERROR(VLOOKUP($B67, 'DAY 1 SCORES'!$B:$K, 10, FALSE), "") -> /// | E67: =IF(B67="", "", IFERROR(INDEX('DAY 1 SCORES'!$H:$H, MATCH(B67, 'DAY 1 SCORES'!$B:$B, 0)), "")) | F67: 65 | G67: =IFERROR(INDEX('DAY 1 SCORES'!$B:$B, MATCH("YELLOW" & $A67, 'DAY 1 SCORES'!$J:$J, 0)), "") | H67: =IFERROR(INDEX(DATA_IMPORT!$B:$B, MATCH(G67, DATA_IMPORT!$A:$A, 0)), "") | I67: =IFERROR(VLOOKUP($G67, 'DAY 1 SCORES'!$B:$K, 10, FALSE), "") -> /// | J67: =IF(G67="", "", IFERROR(INDEX('DAY 1 SCORES'!$H:$H, MATCH(G67, 'DAY 1 SCORES'!$B:$B, 0)), "")) | K67: 65 | L67: =IFERROR(INDEX('DAY 1 SCORES'!$B:$B, MATCH("GREEN" & $A67, 'DAY 1 SCORES'!$J:$J, 0)), "") | M67: =IFERROR(INDEX(DATA_IMPORT!$B:$B, MATCH(L67, DATA_IMPORT!$A:$A, 0)), "") | N67: =IFERROR(VLOOKUP($L67, 'DAY 1 SCORES'!$B:$K, 10, FALSE), "") -> /// | O67: =IF(L67="","",K67) | P67: 65 | Q67: =IFERROR(INDEX('DAY 1 SCORES'!$B:$B, MATCH("BLUE" & $A67, 'DAY 1 SCORES'!$J:$J, 0)), "") | R67: =IFERROR(INDEX(DATA_IMPORT!$B:$B, MATCH(Q67, DATA_IMPORT!$A:$A, 0)), "") | S67: =IFERROR(VLOOKUP($Q67, 'DAY 1 SCORES'!$B:$K, 10, FALSE), "") -> /// | T67: =IF(Q67="", "", IFERROR(INDEX('DAY 1 SCORES'!$H:$H, MATCH(Q67, 'DAY 1 SCORES'!$B:$B, 0)), ""))
B68: =IFERROR(INDEX('DAY 1 SCORES'!$B:$B, MATCH("RED" & $A68, 'DAY 1 SCORES'!$J:$J, 0)), "") | C68: =IFERROR(INDEX(DATA_IMPORT!$B:$B, MATCH(B68, DATA_IMPORT!$A:$A, 0)), "") | D68: =IFERROR(VLOOKUP($B68, 'DAY 1 SCORES'!$B:$K, 10, FALSE), "") -> /// | E68: =IF(B68="", "", IFERROR(INDEX('DAY 1 SCORES'!$H:$H, MATCH(B68, 'DAY 1 SCORES'!$B:$B, 0)), "")) | F68: 66 | G68: =IFERROR(INDEX('DAY 1 SCORES'!$B:$B, MATCH("YELLOW" & $A68, 'DAY 1 SCORES'!$J:$J, 0)), "") | H68: =IFERROR(INDEX(DATA_IMPORT!$B:$B, MATCH(G68, DATA_IMPORT!$A:$A, 0)), "") | I68: =IFERROR(VLOOKUP($G68, 'DAY 1 SCORES'!$B:$K, 10, FALSE), "") -> /// | J68: =IF(G68="", "", IFERROR(INDEX('DAY 1 SCORES'!$H:$H, MATCH(G68, 'DAY 1 SCORES'!$B:$B, 0)), "")) | K68: 66 | L68: =IFERROR(INDEX('DAY 1 SCORES'!$B:$B, MATCH("GREEN" & $A68, 'DAY 1 SCORES'!$J:$J, 0)), "") | M68: =IFERROR(INDEX(DATA_IMPORT!$B:$B, MATCH(L68, DATA_IMPORT!$A:$A, 0)), "") | N68: =IFERROR(VLOOKUP($L68, 'DAY 1 SCORES'!$B:$K, 10, FALSE), "") -> /// | O68: =IF(L68="","",K68) | P68: 66 | Q68: =IFERROR(INDEX('DAY 1 SCORES'!$B:$B, MATCH("BLUE" & $A68, 'DAY 1 SCORES'!$J:$J, 0)), "") | R68: =IFERROR(INDEX(DATA_IMPORT!$B:$B, MATCH(Q68, DATA_IMPORT!$A:$A, 0)), "") | S68: =IFERROR(VLOOKUP($Q68, 'DAY 1 SCORES'!$B:$K, 10, FALSE), "") -> /// | T68: =IF(Q68="", "", IFERROR(INDEX('DAY 1 SCORES'!$H:$H, MATCH(Q68, 'DAY 1 SCORES'!$B:$B, 0)), ""))
B69: =IFERROR(INDEX('DAY 1 SCORES'!$B:$B, MATCH("RED" & $A69, 'DAY 1 SCORES'!$J:$J, 0)), "") | C69: =IFERROR(INDEX(DATA_IMPORT!$B:$B, MATCH(B69, DATA_IMPORT!$A:$A, 0)), "") | D69: =IFERROR(VLOOKUP($B69, 'DAY 1 SCORES'!$B:$K, 10, FALSE), "") -> /// | E69: =IF(B69="", "", IFERROR(INDEX('DAY 1 SCORES'!$H:$H, MATCH(B69, 'DAY 1 SCORES'!$B:$B, 0)), "")) | F69: 67 | G69: =IFERROR(INDEX('DAY 1 SCORES'!$B:$B, MATCH("YELLOW" & $A69, 'DAY 1 SCORES'!$J:$J, 0)), "") | H69: =IFERROR(INDEX(DATA_IMPORT!$B:$B, MATCH(G69, DATA_IMPORT!$A:$A, 0)), "") | I69: =IFERROR(VLOOKUP($G69, 'DAY 1 SCORES'!$B:$K, 10, FALSE), "") -> /// | J69: =IF(G69="", "", IFERROR(INDEX('DAY 1 SCORES'!$H:$H, MATCH(G69, 'DAY 1 SCORES'!$B:$B, 0)), "")) | K69: 67 | L69: =IFERROR(INDEX('DAY 1 SCORES'!$B:$B, MATCH("GREEN" & $A69, 'DAY 1 SCORES'!$J:$J, 0)), "") | M69: =IFERROR(INDEX(DATA_IMPORT!$B:$B, MATCH(L69, DATA_IMPORT!$A:$A, 0)), "") | N69: =IFERROR(VLOOKUP($L69, 'DAY 1 SCORES'!$B:$K, 10, FALSE), "") -> /// | O69: =IF(L69="","",K69) | P69: 67 | Q69: =IFERROR(INDEX('DAY 1 SCORES'!$B:$B, MATCH("BLUE" & $A69, 'DAY 1 SCORES'!$J:$J, 0)), "") | R69: =IFERROR(INDEX(DATA_IMPORT!$B:$B, MATCH(Q69, DATA_IMPORT!$A:$A, 0)), "") | S69: =IFERROR(VLOOKUP($Q69, 'DAY 1 SCORES'!$B:$K, 10, FALSE), "") -> /// | T69: =IF(Q69="", "", IFERROR(INDEX('DAY 1 SCORES'!$H:$H, MATCH(Q69, 'DAY 1 SCORES'!$B:$B, 0)), ""))
B70: =IFERROR(INDEX('DAY 1 SCORES'!$B:$B, MATCH("RED" & $A70, 'DAY 1 SCORES'!$J:$J, 0)), "") | C70: =IFERROR(INDEX(DATA_IMPORT!$B:$B, MATCH(B70, DATA_IMPORT!$A:$A, 0)), "") | D70: =IFERROR(VLOOKUP($B70, 'DAY 1 SCORES'!$B:$K, 10, FALSE), "") -> /// | E70: =IF(B70="", "", IFERROR(INDEX('DAY 1 SCORES'!$H:$H, MATCH(B70, 'DAY 1 SCORES'!$B:$B, 0)), "")) | F70: 68 | G70: =IFERROR(INDEX('DAY 1 SCORES'!$B:$B, MATCH("YELLOW" & $A70, 'DAY 1 SCORES'!$J:$J, 0)), "") | H70: =IFERROR(INDEX(DATA_IMPORT!$B:$B, MATCH(G70, DATA_IMPORT!$A:$A, 0)), "") | I70: =IFERROR(VLOOKUP($G70, 'DAY 1 SCORES'!$B:$K, 10, FALSE), "") -> /// | J70: =IF(G70="", "", IFERROR(INDEX('DAY 1 SCORES'!$H:$H, MATCH(G70, 'DAY 1 SCORES'!$B:$B, 0)), "")) | K70: 68 | L70: =IFERROR(INDEX('DAY 1 SCORES'!$B:$B, MATCH("GREEN" & $A70, 'DAY 1 SCORES'!$J:$J, 0)), "") | M70: =IFERROR(INDEX(DATA_IMPORT!$B:$B, MATCH(L70, DATA_IMPORT!$A:$A, 0)), "") | N70: =IFERROR(VLOOKUP($L70, 'DAY 1 SCORES'!$B:$K, 10, FALSE), "") -> /// | O70: =IF(L70="","",K70) | P70: 68 | Q70: =IFERROR(INDEX('DAY 1 SCORES'!$B:$B, MATCH("BLUE" & $A70, 'DAY 1 SCORES'!$J:$J, 0)), "") | R70: =IFERROR(INDEX(DATA_IMPORT!$B:$B, MATCH(Q70, DATA_IMPORT!$A:$A, 0)), "") | S70: =IFERROR(VLOOKUP($Q70, 'DAY 1 SCORES'!$B:$K, 10, FALSE), "") -> /// | T70: =IF(Q70="", "", IFERROR(INDEX('DAY 1 SCORES'!$H:$H, MATCH(Q70, 'DAY 1 SCORES'!$B:$B, 0)), ""))
B71: =IFERROR(INDEX('DAY 1 SCORES'!$B:$B, MATCH("RED" & $A71, 'DAY 1 SCORES'!$J:$J, 0)), "") | C71: =IFERROR(INDEX(DATA_IMPORT!$B:$B, MATCH(B71, DATA_IMPORT!$A:$A, 0)), "") | D71: =IFERROR(VLOOKUP($B71, 'DAY 1 SCORES'!$B:$K, 10, FALSE), "") -> /// | E71: =IF(B71="", "", IFERROR(INDEX('DAY 1 SCORES'!$H:$H, MATCH(B71, 'DAY 1 SCORES'!$B:$B, 0)), "")) | F71: 69 | G71: =IFERROR(INDEX('DAY 1 SCORES'!$B:$B, MATCH("YELLOW" & $A71, 'DAY 1 SCORES'!$J:$J, 0)), "") | H71: =IFERROR(INDEX(DATA_IMPORT!$B:$B, MATCH(G71, DATA_IMPORT!$A:$A, 0)), "") | I71: =IFERROR(VLOOKUP($G71, 'DAY 1 SCORES'!$B:$K, 10, FALSE), "") -> /// | J71: =IF(G71="", "", IFERROR(INDEX('DAY 1 SCORES'!$H:$H, MATCH(G71, 'DAY 1 SCORES'!$B:$B, 0)), "")) | K71: 69 | L71: =IFERROR(INDEX('DAY 1 SCORES'!$B:$B, MATCH("GREEN" & $A71, 'DAY 1 SCORES'!$J:$J, 0)), "") | M71: =IFERROR(INDEX(DATA_IMPORT!$B:$B, MATCH(L71, DATA_IMPORT!$A:$A, 0)), "") | N71: =IFERROR(VLOOKUP($L71, 'DAY 1 SCORES'!$B:$K, 10, FALSE), "") -> /// | O71: =IF(L71="","",K71) | P71: 69 | Q71: =IFERROR(INDEX('DAY 1 SCORES'!$B:$B, MATCH("BLUE" & $A71, 'DAY 1 SCORES'!$J:$J, 0)), "") | R71: =IFERROR(INDEX(DATA_IMPORT!$B:$B, MATCH(Q71, DATA_IMPORT!$A:$A, 0)), "") | S71: =IFERROR(VLOOKUP($Q71, 'DAY 1 SCORES'!$B:$K, 10, FALSE), "") -> /// | T71: =IF(Q71="", "", IFERROR(INDEX('DAY 1 SCORES'!$H:$H, MATCH(Q71, 'DAY 1 SCORES'!$B:$B, 0)), ""))
B72: =IFERROR(INDEX('DAY 1 SCORES'!$B:$B, MATCH("RED" & $A72, 'DAY 1 SCORES'!$J:$J, 0)), "") | C72: =IFERROR(INDEX(DATA_IMPORT!$B:$B, MATCH(B72, DATA_IMPORT!$A:$A, 0)), "") | D72: =IFERROR(VLOOKUP($B72, 'DAY 1 SCORES'!$B:$K, 10, FALSE), "") -> /// | E72: =IF(B72="", "", IFERROR(INDEX('DAY 1 SCORES'!$H:$H, MATCH(B72, 'DAY 1 SCORES'!$B:$B, 0)), "")) | F72: 70 | G72: =IFERROR(INDEX('DAY 1 SCORES'!$B:$B, MATCH("YELLOW" & $A72, 'DAY 1 SCORES'!$J:$J, 0)), "") | H72: =IFERROR(INDEX(DATA_IMPORT!$B:$B, MATCH(G72, DATA_IMPORT!$A:$A, 0)), "") | I72: =IFERROR(VLOOKUP($G72, 'DAY 1 SCORES'!$B:$K, 10, FALSE), "") -> /// | J72: =IF(G72="", "", IFERROR(INDEX('DAY 1 SCORES'!$H:$H, MATCH(G72, 'DAY 1 SCORES'!$B:$B, 0)), "")) | K72: 70 | L72: =IFERROR(INDEX('DAY 1 SCORES'!$B:$B, MATCH("GREEN" & $A72, 'DAY 1 SCORES'!$J:$J, 0)), "") | M72: =IFERROR(INDEX(DATA_IMPORT!$B:$B, MATCH(L72, DATA_IMPORT!$A:$A, 0)), "") | N72: =IFERROR(VLOOKUP($L72, 'DAY 1 SCORES'!$B:$K, 10, FALSE), "") -> /// | O72: =IF(L72="","",K72) | P72: 70 | Q72: =IFERROR(INDEX('DAY 1 SCORES'!$B:$B, MATCH("BLUE" & $A72, 'DAY 1 SCORES'!$J:$J, 0)), "") | R72: =IFERROR(INDEX(DATA_IMPORT!$B:$B, MATCH(Q72, DATA_IMPORT!$A:$A, 0)), "") | S72: =IFERROR(VLOOKUP($Q72, 'DAY 1 SCORES'!$B:$K, 10, FALSE), "") -> /// | T72: =IF(Q72="", "", IFERROR(INDEX('DAY 1 SCORES'!$H:$H, MATCH(Q72, 'DAY 1 SCORES'!$B:$B, 0)), ""))
E73: =IF(B73="", "", IFERROR(INDEX('DAY 1 SCORES'!$H:$H, MATCH(B73, 'DAY 1 SCORES'!$B:$B, 0)), ""))
E74: =IF(B74="", "", IFERROR(INDEX('DAY 1 SCORES'!$H:$H, MATCH(B74, 'DAY 1 SCORES'!$B:$B, 0)), ""))
E75: =IF(B75="", "", IFERROR(INDEX('DAY 1 SCORES'!$H:$H, MATCH(B75, 'DAY 1 SCORES'!$B:$B, 0)), ""))
E76: =IF(B76="", "", IFERROR(INDEX('DAY 1 SCORES'!$H:$H, MATCH(B76, 'DAY 1 SCORES'!$B:$B, 0)), ""))
E77: =IF(B77="", "", IFERROR(INDEX('DAY 1 SCORES'!$H:$H, MATCH(B77, 'DAY 1 SCORES'!$B:$B, 0)), ""))

Sheet ZONE 2
B1: ZONE RESULTS - DAY 2
A2: POS | B2: NAME | C2: TEAM | D2: P.N.B.S | E2: PTS | F2: POS | G2: NAME | H2: TEAM | I2: P.N.B.S | J2: PTS | K2: POS | L2: NAME | M2: TEAM | N2: P.N.B.S | O2: PTS | P2: POS | Q2: NAME | R2: TEAM | S2: P.N.B.S | T2: PTS
A3: 1 | B3: =IFERROR(INDEX('DAY 2 SCORES'!$B:$B, MATCH("RED" & $A3, 'DAY 2 SCORES'!$J:$J, 0)), "") | C3: =IFERROR(VLOOKUP($B3, REGISTRATION!$B:$C, 2, FALSE), "") | D3: =IFERROR(VLOOKUP($B3, 'DAY 2 SCORES'!$B:$K, 10, FALSE), "") -> /// | E3: =IFERROR(VLOOKUP($B3, 'DAY 2 SCORES'!$B:$H, 7, FALSE), "") -> 120 | F3: 1 | G3: =IFERROR(INDEX('DAY 2 SCORES'!$B:$B, MATCH("YELLOW" & $F3, 'DAY 2 SCORES'!$J:$J, 0)), "") | H3: =IFERROR(VLOOKUP($G3, REGISTRATION!$B:$C, 2, FALSE), "") | I3: =IFERROR(VLOOKUP($G3, 'DAY 2 SCORES'!$B:$K, 10, FALSE), "") -> /// | J3: =IFERROR(VLOOKUP($G3, 'DAY 2 SCORES'!$B:$H, 7, FALSE), "") -> 120 | K3: 1 | L3: =IFERROR(INDEX('DAY 2 SCORES'!$B:$B, MATCH("GREEN" & $K3, 'DAY 2 SCORES'!$J:$J, 0)), "") | M3: =IFERROR(VLOOKUP($L3, REGISTRATION!$B:$C, 2, FALSE), "") | N3: =IFERROR(VLOOKUP($L3, 'DAY 2 SCORES'!$B:$K, 10, FALSE), "") -> /// | O3: =IFERROR(VLOOKUP($L3, 'DAY 2 SCORES'!$B:$H, 7, FALSE), "") -> 120 | P3: 1 | Q3: =IFERROR(INDEX('DAY 2 SCORES'!$B:$B, MATCH("BLUE" & $P3, 'DAY 2 SCORES'!$J:$J, 0)), "") | R3: =IFERROR(VLOOKUP($Q3, REGISTRATION!$B:$C, 2, FALSE), "") | S3: =IFERROR(VLOOKUP($Q3, 'DAY 2 SCORES'!$B:$K, 10, FALSE), "") -> /// | T3: =IFERROR(VLOOKUP($Q3, 'DAY 2 SCORES'!$B:$H, 7, FALSE), "") -> 120
A4: 2 | B4: =IFERROR(INDEX('DAY 2 SCORES'!$B:$B, MATCH("RED" & $A4, 'DAY 2 SCORES'!$J:$J, 0)), "") | C4: =IFERROR(VLOOKUP($B4, REGISTRATION!$B:$C, 2, FALSE), "") | D4: =IFERROR(VLOOKUP($B4, 'DAY 2 SCORES'!$B:$K, 10, FALSE), "") -> /// | E4: =IFERROR(VLOOKUP($B4, 'DAY 2 SCORES'!$B:$H, 7, FALSE), "") -> 120 | F4: 2 | G4: =IFERROR(INDEX('DAY 2 SCORES'!$B:$B, MATCH("YELLOW" & $F4, 'DAY 2 SCORES'!$J:$J, 0)), "") | H4: =IFERROR(VLOOKUP($G4, REGISTRATION!$B:$C, 2, FALSE), "") | I4: =IFERROR(VLOOKUP($G4, 'DAY 2 SCORES'!$B:$K, 10, FALSE), "") -> /// | J4: =IFERROR(VLOOKUP($G4, 'DAY 2 SCORES'!$B:$H, 7, FALSE), "") -> 120 | K4: 2 | L4: =IFERROR(INDEX('DAY 2 SCORES'!$B:$B, MATCH("GREEN" & $K4, 'DAY 2 SCORES'!$J:$J, 0)), "") | M4: =IFERROR(VLOOKUP($L4, REGISTRATION!$B:$C, 2, FALSE), "") | N4: =IFERROR(VLOOKUP($L4, 'DAY 2 SCORES'!$B:$K, 10, FALSE), "") -> /// | O4: =IFERROR(VLOOKUP($L4, 'DAY 2 SCORES'!$B:$H, 7, FALSE), "") -> 120 | P4: 2 | Q4: =IFERROR(INDEX('DAY 2 SCORES'!$B:$B, MATCH("BLUE" & $P4, 'DAY 2 SCORES'!$J:$J, 0)), "") | R4: =IFERROR(VLOOKUP($Q4, REGISTRATION!$B:$C, 2, FALSE), "") | S4: =IFERROR(VLOOKUP($Q4, 'DAY 2 SCORES'!$B:$K, 10, FALSE), "") -> /// | T4: =IFERROR(VLOOKUP($Q4, 'DAY 2 SCORES'!$B:$H, 7, FALSE), "") -> 120
A5: 3 | B5: =IFERROR(INDEX('DAY 2 SCORES'!$B:$B, MATCH("RED" & $A5, 'DAY 2 SCORES'!$J:$J, 0)), "") | C5: =IFERROR(VLOOKUP($B5, REGISTRATION!$B:$C, 2, FALSE), "") | D5: =IFERROR(VLOOKUP($B5, 'DAY 2 SCORES'!$B:$K, 10, FALSE), "") -> /// | E5: =IFERROR(VLOOKUP($B5, 'DAY 2 SCORES'!$B:$H, 7, FALSE), "") -> 120 | F5: 3 | G5: =IFERROR(INDEX('DAY 2 SCORES'!$B:$B, MATCH("YELLOW" & $F5, 'DAY 2 SCORES'!$J:$J, 0)), "") | H5: =IFERROR(VLOOKUP($G5, REGISTRATION!$B:$C, 2, FALSE), "") | I5: =IFERROR(VLOOKUP($G5, 'DAY 2 SCORES'!$B:$K, 10, FALSE), "") -> /// | J5: =IFERROR(VLOOKUP($G5, 'DAY 2 SCORES'!$B:$H, 7, FALSE), "") -> 120 | K5: 3 | L5: =IFERROR(INDEX('DAY 2 SCORES'!$B:$B, MATCH("GREEN" & $K5, 'DAY 2 SCORES'!$J:$J, 0)), "") | M5: =IFERROR(VLOOKUP($L5, REGISTRATION!$B:$C, 2, FALSE), "") | N5: =IFERROR(VLOOKUP($L5, 'DAY 2 SCORES'!$B:$K, 10, FALSE), "") -> /// | O5: =IFERROR(VLOOKUP($L5, 'DAY 2 SCORES'!$B:$H, 7, FALSE), "") -> 120 | P5: 3 | Q5: =IFERROR(INDEX('DAY 2 SCORES'!$B:$B, MATCH("BLUE" & $P5, 'DAY 2 SCORES'!$J:$J, 0)), "") | R5: =IFERROR(VLOOKUP($Q5, REGISTRATION!$B:$C, 2, FALSE), "") | S5: =IFERROR(VLOOKUP($Q5, 'DAY 2 SCORES'!$B:$K, 10, FALSE), "") -> /// | T5: =IFERROR(VLOOKUP($Q5, 'DAY 2 SCORES'!$B:$H, 7, FALSE), "") -> 120
A6: 4 | B6: =IFERROR(INDEX('DAY 2 SCORES'!$B:$B, MATCH("RED" & $A6, 'DAY 2 SCORES'!$J:$J, 0)), "") | C6: =IFERROR(VLOOKUP($B6, REGISTRATION!$B:$C, 2, FALSE), "") | D6: =IFERROR(VLOOKUP($B6, 'DAY 2 SCORES'!$B:$K, 10, FALSE), "") -> /// | E6: =IFERROR(VLOOKUP($B6, 'DAY 2 SCORES'!$B:$H, 7, FALSE), "") -> 120 | F6: 4 | G6: =IFERROR(INDEX('DAY 2 SCORES'!$B:$B, MATCH("YELLOW" & $F6, 'DAY 2 SCORES'!$J:$J, 0)), "") | H6: =IFERROR(VLOOKUP($G6, REGISTRATION!$B:$C, 2, FALSE), "") | I6: =IFERROR(VLOOKUP($G6, 'DAY 2 SCORES'!$B:$K, 10, FALSE), "") -> /// | J6: =IFERROR(VLOOKUP($G6, 'DAY 2 SCORES'!$B:$H, 7, FALSE), "") -> 120 | K6: 4 | L6: =IFERROR(INDEX('DAY 2 SCORES'!$B:$B, MATCH("GREEN" & $K6, 'DAY 2 SCORES'!$J:$J, 0)), "") | M6: =IFERROR(VLOOKUP($L6, REGISTRATION!$B:$C, 2, FALSE), "") | N6: =IFERROR(VLOOKUP($L6, 'DAY 2 SCORES'!$B:$K, 10, FALSE), "") -> /// | O6: =IFERROR(VLOOKUP($L6, 'DAY 2 SCORES'!$B:$H, 7, FALSE), "") -> 120 | P6: 4 | Q6: =IFERROR(INDEX('DAY 2 SCORES'!$B:$B, MATCH("BLUE" & $P6, 'DAY 2 SCORES'!$J:$J, 0)), "") | R6: =IFERROR(VLOOKUP($Q6, REGISTRATION!$B:$C, 2, FALSE), "") | S6: =IFERROR(VLOOKUP($Q6, 'DAY 2 SCORES'!$B:$K, 10, FALSE), "") -> /// | T6: =IFERROR(VLOOKUP($Q6, 'DAY 2 SCORES'!$B:$H, 7, FALSE), "") -> 120
A7: 5 | B7: =IFERROR(INDEX('DAY 2 SCORES'!$B:$B, MATCH("RED" & $A7, 'DAY 2 SCORES'!$J:$J, 0)), "") | C7: =IFERROR(VLOOKUP($B7, REGISTRATION!$B:$C, 2, FALSE), "") | D7: =IFERROR(VLOOKUP($B7, 'DAY 2 SCORES'!$B:$K, 10, FALSE), "") -> /// | E7: =IFERROR(VLOOKUP($B7, 'DAY 2 SCORES'!$B:$H, 7, FALSE), "") -> 120 | F7: 5 | G7: =IFERROR(INDEX('DAY 2 SCORES'!$B:$B, MATCH("YELLOW" & $F7, 'DAY 2 SCORES'!$J:$J, 0)), "") | H7: =IFERROR(VLOOKUP($G7, REGISTRATION!$B:$C, 2, FALSE), "") | I7: =IFERROR(VLOOKUP($G7, 'DAY 2 SCORES'!$B:$K, 10, FALSE), "") -> /// | J7: =IFERROR(VLOOKUP($G7, 'DAY 2 SCORES'!$B:$H, 7, FALSE), "") -> 120 | K7: 5 | L7: =IFERROR(INDEX('DAY 2 SCORES'!$B:$B, MATCH("GREEN" & $K7, 'DAY 2 SCORES'!$J:$J, 0)), "") | M7: =IFERROR(VLOOKUP($L7, REGISTRATION!$B:$C, 2, FALSE), "") | N7: =IFERROR(VLOOKUP($L7, 'DAY 2 SCORES'!$B:$K, 10, FALSE), "") -> /// | O7: =IFERROR(VLOOKUP($L7, 'DAY 2 SCORES'!$B:$H, 7, FALSE), "") -> 120 | P7: 5 | Q7: =IFERROR(INDEX('DAY 2 SCORES'!$B:$B, MATCH("BLUE" & $P7, 'DAY 2 SCORES'!$J:$J, 0)), "") | R7: =IFERROR(VLOOKUP($Q7, REGISTRATION!$B:$C, 2, FALSE), "") | S7: =IFERROR(VLOOKUP($Q7, 'DAY 2 SCORES'!$B:$K, 10, FALSE), "") -> /// | T7: =IFERROR(VLOOKUP($Q7, 'DAY 2 SCORES'!$B:$H, 7, FALSE), "") -> 120
A8: 6 | B8: =IFERROR(INDEX('DAY 2 SCORES'!$B:$B, MATCH("RED" & $A8, 'DAY 2 SCORES'!$J:$J, 0)), "") | C8: =IFERROR(VLOOKUP($B8, REGISTRATION!$B:$C, 2, FALSE), "") | D8: =IFERROR(VLOOKUP($B8, 'DAY 2 SCORES'!$B:$K, 10, FALSE), "") -> /// | E8: =IFERROR(VLOOKUP($B8, 'DAY 2 SCORES'!$B:$H, 7, FALSE), "") -> 120 | F8: 6 | G8: =IFERROR(INDEX('DAY 2 SCORES'!$B:$B, MATCH("YELLOW" & $F8, 'DAY 2 SCORES'!$J:$J, 0)), "") | H8: =IFERROR(VLOOKUP($G8, REGISTRATION!$B:$C, 2, FALSE), "") | I8: =IFERROR(VLOOKUP($G8, 'DAY 2 SCORES'!$B:$K, 10, FALSE), "") -> /// | J8: =IFERROR(VLOOKUP($G8, 'DAY 2 SCORES'!$B:$H, 7, FALSE), "") -> 120 | K8: 6 | L8: =IFERROR(INDEX('DAY 2 SCORES'!$B:$B, MATCH("GREEN" & $K8, 'DAY 2 SCORES'!$J:$J, 0)), "") | M8: =IFERROR(VLOOKUP($L8, REGISTRATION!$B:$C, 2, FALSE), "") | N8: =IFERROR(VLOOKUP($L8, 'DAY 2 SCORES'!$B:$K, 10, FALSE), "") -> /// | O8: =IFERROR(VLOOKUP($L8, 'DAY 2 SCORES'!$B:$H, 7, FALSE), "") -> 120 | P8: 6 | Q8: =IFERROR(INDEX('DAY 2 SCORES'!$B:$B, MATCH("BLUE" & $P8, 'DAY 2 SCORES'!$J:$J, 0)), "") | R8: =IFERROR(VLOOKUP($Q8, REGISTRATION!$B:$C, 2, FALSE), "") | S8: =IFERROR(VLOOKUP($Q8, 'DAY 2 SCORES'!$B:$K, 10, FALSE), "") -> /// | T8: =IFERROR(VLOOKUP($Q8, 'DAY 2 SCORES'!$B:$H, 7, FALSE), "") -> 120
A9: 7 | B9: =IFERROR(INDEX('DAY 2 SCORES'!$B:$B, MATCH("RED" & $A9, 'DAY 2 SCORES'!$J:$J, 0)), "") | C9: =IFERROR(VLOOKUP($B9, REGISTRATION!$B:$C, 2, FALSE), "") | D9: =IFERROR(VLOOKUP($B9, 'DAY 2 SCORES'!$B:$K, 10, FALSE), "") -> /// | E9: =IFERROR(VLOOKUP($B9, 'DAY 2 SCORES'!$B:$H, 7, FALSE), "") -> 120 | F9: 7 | G9: =IFERROR(INDEX('DAY 2 SCORES'!$B:$B, MATCH("YELLOW" & $F9, 'DAY 2 SCORES'!$J:$J, 0)), "") | H9: =IFERROR(VLOOKUP($G9, REGISTRATION!$B:$C, 2, FALSE), "") | I9: =IFERROR(VLOOKUP($G9, 'DAY 2 SCORES'!$B:$K, 10, FALSE), "") -> /// | J9: =IFERROR(VLOOKUP($G9, 'DAY 2 SCORES'!$B:$H, 7, FALSE), "") -> 120 | K9: 7 | L9: =IFERROR(INDEX('DAY 2 SCORES'!$B:$B, MATCH("GREEN" & $K9, 'DAY 2 SCORES'!$J:$J, 0)), "") | M9: =IFERROR(VLOOKUP($L9, REGISTRATION!$B:$C, 2, FALSE), "") | N9: =IFERROR(VLOOKUP($L9, 'DAY 2 SCORES'!$B:$K, 10, FALSE), "") -> /// | O9: =IFERROR(VLOOKUP($L9, 'DAY 2 SCORES'!$B:$H, 7, FALSE), "") -> 120 | P9: 7 | Q9: =IFERROR(INDEX('DAY 2 SCORES'!$B:$B, MATCH("BLUE" & $P9, 'DAY 2 SCORES'!$J:$J, 0)), "") | R9: =IFERROR(VLOOKUP($Q9, REGISTRATION!$B:$C, 2, FALSE), "") | S9: =IFERROR(VLOOKUP($Q9, 'DAY 2 SCORES'!$B:$K, 10, FALSE), "") -> /// | T9: =IFERROR(VLOOKUP($Q9, 'DAY 2 SCORES'!$B:$H, 7, FALSE), "") -> 120
A10: 8 | B10: =IFERROR(INDEX('DAY 2 SCORES'!$B:$B, MATCH("RED" & $A10, 'DAY 2 SCORES'!$J:$J, 0)), "") | C10: =IFERROR(VLOOKUP($B10, REGISTRATION!$B:$C, 2, FALSE), "") | D10: =IFERROR(VLOOKUP($B10, 'DAY 2 SCORES'!$B:$K, 10, FALSE), "") -> /// | E10: =IFERROR(VLOOKUP($B10, 'DAY 2 SCORES'!$B:$H, 7, FALSE), "") -> 120 | F10: 8 | G10: =IFERROR(INDEX('DAY 2 SCORES'!$B:$B, MATCH("YELLOW" & $F10, 'DAY 2 SCORES'!$J:$J, 0)), "") | H10: =IFERROR(VLOOKUP($G10, REGISTRATION!$B:$C, 2, FALSE), "") | I10: =IFERROR(VLOOKUP($G10, 'DAY 2 SCORES'!$B:$K, 10, FALSE), "") -> /// | J10: =IFERROR(VLOOKUP($G10, 'DAY 2 SCORES'!$B:$H, 7, FALSE), "") -> 120 | K10: 8 | L10: =IFERROR(INDEX('DAY 2 SCORES'!$B:$B, MATCH("GREEN" & $K10, 'DAY 2 SCORES'!$J:$J, 0)), "") | M10: =IFERROR(VLOOKUP($L10, REGISTRATION!$B:$C, 2, FALSE), "") | N10: =IFERROR(VLOOKUP($L10, 'DAY 2 SCORES'!$B:$K, 10, FALSE), "") -> /// | O10: =IFERROR(VLOOKUP($L10, 'DAY 2 SCORES'!$B:$H, 7, FALSE), "") -> 120 | P10: 8 | Q10: =IFERROR(INDEX('DAY 2 SCORES'!$B:$B, MATCH("BLUE" & $P10, 'DAY 2 SCORES'!$J:$J, 0)), "") | R10: =IFERROR(VLOOKUP($Q10, REGISTRATION!$B:$C, 2, FALSE), "") | S10: =IFERROR(VLOOKUP($Q10, 'DAY 2 SCORES'!$B:$K, 10, FALSE), "") -> /// | T10: =IFERROR(VLOOKUP($Q10, 'DAY 2 SCORES'!$B:$H, 7, FALSE), "") -> 120
A11: 9 | B11: =IFERROR(INDEX('DAY 2 SCORES'!$B:$B, MATCH("RED" & $A11, 'DAY 2 SCORES'!$J:$J, 0)), "") | C11: =IFERROR(VLOOKUP($B11, REGISTRATION!$B:$C, 2, FALSE), "") | D11: =IFERROR(VLOOKUP($B11, 'DAY 2 SCORES'!$B:$K, 10, FALSE), "") -> /// | E11: =IFERROR(VLOOKUP($B11, 'DAY 2 SCORES'!$B:$H, 7, FALSE), "") -> 120 | F11: 9 | G11: =IFERROR(INDEX('DAY 2 SCORES'!$B:$B, MATCH("YELLOW" & $F11, 'DAY 2 SCORES'!$J:$J, 0)), "") | H11: =IFERROR(VLOOKUP($G11, REGISTRATION!$B:$C, 2, FALSE), "") | I11: =IFERROR(VLOOKUP($G11, 'DAY 2 SCORES'!$B:$K, 10, FALSE), "") -> /// | J11: =IFERROR(VLOOKUP($G11, 'DAY 2 SCORES'!$B:$H, 7, FALSE), "") -> 120 | K11: 9 | L11: =IFERROR(INDEX('DAY 2 SCORES'!$B:$B, MATCH("GREEN" & $K11, 'DAY 2 SCORES'!$J:$J, 0)), "") | M11: =IFERROR(VLOOKUP($L11, REGISTRATION!$B:$C, 2, FALSE), "") | N11: =IFERROR(VLOOKUP($L11, 'DAY 2 SCORES'!$B:$K, 10, FALSE), "") -> /// | O11: =IFERROR(VLOOKUP($L11, 'DAY 2 SCORES'!$B:$H, 7, FALSE), "") -> 120 | P11: 9 | Q11: =IFERROR(INDEX('DAY 2 SCORES'!$B:$B, MATCH("BLUE" & $P11, 'DAY 2 SCORES'!$J:$J, 0)), "") | R11: =IFERROR(VLOOKUP($Q11, REGISTRATION!$B:$C, 2, FALSE), "") | S11: =IFERROR(VLOOKUP($Q11, 'DAY 2 SCORES'!$B:$K, 10, FALSE), "") -> /// | T11: =IFERROR(VLOOKUP($Q11, 'DAY 2 SCORES'!$B:$H, 7, FALSE), "") -> 120
A12: 10 | B12: =IFERROR(INDEX('DAY 2 SCORES'!$B:$B, MATCH("RED" & $A12, 'DAY 2 SCORES'!$J:$J, 0)), "") | C12: =IFERROR(VLOOKUP($B12, REGISTRATION!$B:$C, 2, FALSE), "") | D12: =IFERROR(VLOOKUP($B12, 'DAY 2 SCORES'!$B:$K, 10, FALSE), "") -> /// | E12: =IFERROR(VLOOKUP($B12, 'DAY 2 SCORES'!$B:$H, 7, FALSE), "") -> 120 | F12: 10 | G12: =IFERROR(INDEX('DAY 2 SCORES'!$B:$B, MATCH("YELLOW" & $F12, 'DAY 2 SCORES'!$J:$J, 0)), "") | H12: =IFERROR(VLOOKUP($G12, REGISTRATION!$B:$C, 2, FALSE), "") | I12: =IFERROR(VLOOKUP($G12, 'DAY 2 SCORES'!$B:$K, 10, FALSE), "") -> /// | J12: =IFERROR(VLOOKUP($G12, 'DAY 2 SCORES'!$B:$H, 7, FALSE), "") -> 120 | K12: 10 | L12: =IFERROR(INDEX('DAY 2 SCORES'!$B:$B, MATCH("GREEN" & $K12, 'DAY 2 SCORES'!$J:$J, 0)), "") | M12: =IFERROR(VLOOKUP($L12, REGISTRATION!$B:$C, 2, FALSE), "") | N12: =IFERROR(VLOOKUP($L12, 'DAY 2 SCORES'!$B:$K, 10, FALSE), "") -> /// | O12: =IFERROR(VLOOKUP($L12, 'DAY 2 SCORES'!$B:$H, 7, FALSE), "") -> 120 | P12: 10 | Q12: =IFERROR(INDEX('DAY 2 SCORES'!$B:$B, MATCH("BLUE" & $P12, 'DAY 2 SCORES'!$J:$J, 0)), "") | R12: =IFERROR(VLOOKUP($Q12, REGISTRATION!$B:$C, 2, FALSE), "") | S12: =IFERROR(VLOOKUP($Q12, 'DAY 2 SCORES'!$B:$K, 10, FALSE), "") -> /// | T12: =IFERROR(VLOOKUP($Q12, 'DAY 2 SCORES'!$B:$H, 7, FALSE), "") -> 120
A13: 11 | B13: =IFERROR(INDEX('DAY 2 SCORES'!$B:$B, MATCH("RED" & $A13, 'DAY 2 SCORES'!$J:$J, 0)), "") | C13: =IFERROR(VLOOKUP($B13, REGISTRATION!$B:$C, 2, FALSE), "") | D13: =IFERROR(VLOOKUP($B13, 'DAY 2 SCORES'!$B:$K, 10, FALSE), "") -> /// | E13: =IFERROR(VLOOKUP($B13, 'DAY 2 SCORES'!$B:$H, 7, FALSE), "") -> 120 | F13: 11 | G13: =IFERROR(INDEX('DAY 2 SCORES'!$B:$B, MATCH("YELLOW" & $F13, 'DAY 2 SCORES'!$J:$J, 0)), "") | H13: =IFERROR(VLOOKUP($G13, REGISTRATION!$B:$C, 2, FALSE), "") | I13: =IFERROR(VLOOKUP($G13, 'DAY 2 SCORES'!$B:$K, 10, FALSE), "") -> /// | J13: =IFERROR(VLOOKUP($G13, 'DAY 2 SCORES'!$B:$H, 7, FALSE), "") -> 120 | K13: 11 | L13: =IFERROR(INDEX('DAY 2 SCORES'!$B:$B, MATCH("GREEN" & $K13, 'DAY 2 SCORES'!$J:$J, 0)), "") | M13: =IFERROR(VLOOKUP($L13, REGISTRATION!$B:$C, 2, FALSE), "") | N13: =IFERROR(VLOOKUP($L13, 'DAY 2 SCORES'!$B:$K, 10, FALSE), "") -> /// | O13: =IFERROR(VLOOKUP($L13, 'DAY 2 SCORES'!$B:$H, 7, FALSE), "") -> 120 | P13: 11 | Q13: =IFERROR(INDEX('DAY 2 SCORES'!$B:$B, MATCH("BLUE" & $P13, 'DAY 2 SCORES'!$J:$J, 0)), "") | R13: =IFERROR(VLOOKUP($Q13, REGISTRATION!$B:$C, 2, FALSE), "") | S13: =IFERROR(VLOOKUP($Q13, 'DAY 2 SCORES'!$B:$K, 10, FALSE), "") -> /// | T13: =IFERROR(VLOOKUP($Q13, 'DAY 2 SCORES'!$B:$H, 7, FALSE), "") -> 120
A14: 12 | B14: =IFERROR(INDEX('DAY 2 SCORES'!$B:$B, MATCH("RED" & $A14, 'DAY 2 SCORES'!$J:$J, 0)), "") | C14: =IFERROR(VLOOKUP($B14, REGISTRATION!$B:$C, 2, FALSE), "") | D14: =IFERROR(VLOOKUP($B14, 'DAY 2 SCORES'!$B:$K, 10, FALSE), "") -> /// | E14: =IFERROR(VLOOKUP($B14, 'DAY 2 SCORES'!$B:$H, 7, FALSE), "") -> 120 | F14: 12 | G14: =IFERROR(INDEX('DAY 2 SCORES'!$B:$B, MATCH("YELLOW" & $F14, 'DAY 2 SCORES'!$J:$J, 0)), "") | H14: =IFERROR(VLOOKUP($G14, REGISTRATION!$B:$C, 2, FALSE), "") | I14: =IFERROR(VLOOKUP($G14, 'DAY 2 SCORES'!$B:$K, 10, FALSE), "") -> /// | J14: =IFERROR(VLOOKUP($G14, 'DAY 2 SCORES'!$B:$H, 7, FALSE), "") -> 120 | K14: 12 | L14: =IFERROR(INDEX('DAY 2 SCORES'!$B:$B, MATCH("GREEN" & $K14, 'DAY 2 SCORES'!$J:$J, 0)), "") | M14: =IFERROR(VLOOKUP($L14, REGISTRATION!$B:$C, 2, FALSE), "") | N14: =IFERROR(VLOOKUP($L14, 'DAY 2 SCORES'!$B:$K, 10, FALSE), "") -> /// | O14: =IFERROR(VLOOKUP($L14, 'DAY 2 SCORES'!$B:$H, 7, FALSE), "") -> 120 | P14: 12 | Q14: =IFERROR(INDEX('DAY 2 SCORES'!$B:$B, MATCH("BLUE" & $P14, 'DAY 2 SCORES'!$J:$J, 0)), "") | R14: =IFERROR(VLOOKUP($Q14, REGISTRATION!$B:$C, 2, FALSE), "") | S14: =IFERROR(VLOOKUP($Q14, 'DAY 2 SCORES'!$B:$K, 10, FALSE), "") -> /// | T14: =IFERROR(VLOOKUP($Q14, 'DAY 2 SCORES'!$B:$H, 7, FALSE), "") -> 120
... A32: 30 | B32: =IFERROR(INDEX('DAY 2 SCORES'!$B:$B, MATCH("RED" & $A32, 'DAY 2 SCORES'!$J:$J, 0)), "") | C32: =IFERROR(VLOOKUP($B32, REGISTRATION!$B:$C, 2, FALSE), "") | D32: =IFERROR(VLOOKUP($B32, 'DAY 2 SCORES'!$B:$K, 10, FALSE), "") -> /// | E32: =IFERROR(VLOOKUP($B32, 'DAY 2 SCORES'!$B:$H, 7, FALSE), "") -> 120 | F32: 30 | G32: =IFERROR(INDEX('DAY 2 SCORES'!$B:$B, MATCH("YELLOW" & $F32, 'DAY 2 SCORES'!$J:$J, 0)), "") | H32: =IFERROR(VLOOKUP($G32, REGISTRATION!$B:$C, 2, FALSE), "") | I32: =IFERROR(VLOOKUP($G32, 'DAY 2 SCORES'!$B:$K, 10, FALSE), "") -> /// | J32: =IFERROR(VLOOKUP($G32, 'DAY 2 SCORES'!$B:$H, 7, FALSE), "") -> 120 | K32: 30 | L32: =IFERROR(INDEX('DAY 2 SCORES'!$B:$B, MATCH("GREEN" & $K32, 'DAY 2 SCORES'!$J:$J, 0)), "") | M32: =IFERROR(VLOOKUP($L32, REGISTRATION!$B:$C, 2, FALSE), "") | N32: =IFERROR(VLOOKUP($L32, 'DAY 2 SCORES'!$B:$K, 10, FALSE), "") -> /// | O32: =IFERROR(VLOOKUP($L32, 'DAY 2 SCORES'!$B:$H, 7, FALSE), "") -> 120 | P32: 30 | Q32: =IFERROR(INDEX('DAY 2 SCORES'!$B:$B, MATCH("BLUE" & $P32, 'DAY 2 SCORES'!$J:$J, 0)), "") | R32: =IFERROR(VLOOKUP($Q32, REGISTRATION!$B:$C, 2, FALSE), "") | S32: =IFERROR(VLOOKUP($Q32, 'DAY 2 SCORES'!$B:$K, 10, FALSE), "") -> /// | T32: =IFERROR(VLOOKUP($Q32, 'DAY 2 SCORES'!$B:$H, 7, FALSE), "") -> 120

Sheet DATA
A1: TO GET FINAL STANDINGS. 1 Sort TOTAL LENGTH ( Largest - Smallest) then 2 Sort TOTAL POINTS (Smallest to Largest)
A2: RANK | B2: NAME | C2: TEAM NAME | D2: D1 SPEC | E2: D1 FISH CT | F2: D2 SPEC | G2: D2 FISH CT | H2: LENGTH D1 | I2: LENGTH D2 | J2: TOTAL LENGTH | K2: D1 PTS | L2: D2 PTS | M2: TOTAL POINTS | AA2: NAME | AB2: TEAM | AC2: D1 SPEC | AD2: D1 FISH CT | AE2: D2 SPEC | AF2: D2 Fish CT | AG2: LENGTH D1 | AH2: LENGTH D2 | AI2: TOTAL LENGTH | AJ2: D1 PTS | AK2: Day 2 PTS | AL2: TOTAL POINTS
A3: =IF(B3="", "", ROW()-2) | B3: =IF(REGISTRATION!B8="", "", REGISTRATION!B8) | C3: =IF(B3="", "", _xlfn.XLOOKUP(B3, REGISTRATION!B:B, REGISTRATION!C:C, "")) | D3: =IFERROR(INDEX('DAY 1 SCORES'!$E$4:$E$123, MATCH(B3, 'DAY 1 SCORES'!$B$4:$B$123, 0)), "") -> 0 | E3: =SUMIF('DAY 1 SCORES'!$B$4:$B$123, B3, 'DAY 1 SCORES'!$F$4:$F$123) -> 0 | F3: =IFERROR(INDEX('DAY 2 SCORES'!$E$4:$E$123, MATCH(B3, 'DAY 2 SCORES'!$B$4:$B$123, 0)), "") -> 0 | G3: =SUMIF('DAY 2 SCORES'!$B$4:$B$123, B3, 'DAY 2 SCORES'!$F$4:$F$123) -> 0 | H3: =SUMIF('DAY 1 SCORES'!$B$4:$B$123, B3, 'DAY 1 SCORES'!$D$4:$D$123) -> 0 | I3: =SUMIF('DAY 2 SCORES'!$B$4:$B$123, B3, 'DAY 2 SCORES'!$D$4:$D$123) -> 0 | J3: =H3+I3 -> 0 | K3: =SUMIF('DAY 1 SCORES'!$B$4:$B$123, B3, 'DAY 1 SCORES'!$H$4:$H$123) -> 14400 | L3: =SUMIF('DAY 2 SCORES'!$B$4:$B$123, B3, 'DAY 2 SCORES'!$H$4:$H$123) -> 14400 | M3: =IF(OR(B3="", B3=0), 999, SUM(K3:L3)) -> 999 | AA3: =REGISTRATION!B2 | AB3: =REGISTRATION!C2 | AC3: ='DAY 1 SCORES'!E4 -> 0 | AD3: =SUMIF('DAY 1 SCORES'!$B$4:$B$123, AA3, 'DAY 1 SCORES'!$F$4:$F$123) -> 0 | AE3: =IFERROR(INDEX('DAY 2 SCORES'!$E$4:$E$123, MATCH(AA3, 'DAY 2 SCORES'!$B$4:$B$123, 0)), "") -> 0 | AF3: =SUMIF('DAY 2 SCORES'!$B$4:$B$123, AA3, 'DAY 2 SCORES'!$F$4:$F$123) -> 0 | AG3: =SUMIF('DAY 1 SCORES'!$B$4:$B$123, AA3, 'DAY 1 SCORES'!$D$4:$D$123) -> 0 | AH3: =SUMIF('DAY 2 SCORES'!$B$4:$B$123, AA3, 'DAY 2 SCORES'!$D$4:$D$123) -> 0 | AI3: =SUM(AG3:AH3) -> 0 | AJ3: =SUMIF('DAY 1 SCORES'!$B$4:$B$123, AA3, 'DAY 1 SCORES'!$H$4:$H$123) -> 14400 | AK3: =SUMIF('DAY 2 SCORES'!$B$4:$B$123, AA3, 'DAY 2 SCORES'!$H$4:$H$123) -> 14400 | AL3: =SUM(AJ3:AK3) -> 28800
A4: =IF(B4="", "", ROW()-2) | B4: =IF(REGISTRATION!B6="", "", REGISTRATION!B6) | C4: =IF(B4="", "", _xlfn.XLOOKUP(B4, REGISTRATION!B:B, REGISTRATION!C:C, "")) | D4: =IFERROR(INDEX('DAY 1 SCORES'!$E$4:$E$123, MATCH(B4, 'DAY 1 SCORES'!$B$4:$B$123, 0)), "") -> 0 | E4: =SUMIF('DAY 1 SCORES'!$B$4:$B$123, B4, 'DAY 1 SCORES'!$F$4:$F$123) -> 0 | F4: =IFERROR(INDEX('DAY 2 SCORES'!$E$4:$E$123, MATCH(B4, 'DAY 2 SCORES'!$B$4:$B$123, 0)), "") -> 0 | G4: =SUMIF('DAY 2 SCORES'!$B$4:$B$123, B4, 'DAY 2 SCORES'!$F$4:$F$123) -> 0 | H4: =SUMIF('DAY 1 SCORES'!$B$4:$B$123, B4, 'DAY 1 SCORES'!$D$4:$D$123) -> 0 | I4: =SUMIF('DAY 2 SCORES'!$B$4:$B$123, B4, 'DAY 2 SCORES'!$D$4:$D$123) -> 0 | J4: =H4+I4 -> 0 | K4: =SUMIF('DAY 1 SCORES'!$B$4:$B$123, B4, 'DAY 1 SCORES'!$H$4:$H$123) -> 14400 | L4: =SUMIF('DAY 2 SCORES'!$B$4:$B$123, B4, 'DAY 2 SCORES'!$H$4:$H$123) -> 14400 | M4: =IF(OR(B4="", B4=0), 999, SUM(K4:L4)) -> 999 | AA4: =REGISTRATION!B3 | AB4: =REGISTRATION!C3 | AC4: ='DAY 1 SCORES'!E5 -> 0 | AD4: ='DAY 1 SCORES'!F5 -> 0 | AE4: ='DAY 2 SCORES'!E5 -> 0 | AF4: ='DAY 2 SCORES'!F5 -> 0 | AG4: ='DAY 1 SCORES'!G5 -> 0 | AH4: ='DAY 2 SCORES'!G5 -> 0 | AI4: =SUM(AG4:AH4) -> 0 | AJ4: ='DAY 1 SCORES'!H5 -> 120 | AK4: ='DAY 2 SCORES'!H5 -> 120 | AL4: =SUM(AJ4:AK4) -> 240
A5: =IF(B5="", "", ROW()-2) | B5: =IF(REGISTRATION!B5="", "", REGISTRATION!B5) | C5: =IF(B5="", "", _xlfn.XLOOKUP(B5, REGISTRATION!B:B, REGISTRATION!C:C, "")) | D5: =IFERROR(INDEX('DAY 1 SCORES'!$E$4:$E$123, MATCH(B5, 'DAY 1 SCORES'!$B$4:$B$123, 0)), "") -> 0 | E5: =SUMIF('DAY 1 SCORES'!$B$4:$B$123, B5, 'DAY 1 SCORES'!$F$4:$F$123) -> 0 | F5: =IFERROR(INDEX('DAY 2 SCORES'!$E$4:$E$123, MATCH(B5, 'DAY 2 SCORES'!$B$4:$B$123, 0)), "") -> 0 | G5: =SUMIF('DAY 2 SCORES'!$B$4:$B$123, B5, 'DAY 2 SCORES'!$F$4:$F$123) -> 0 | H5: =SUMIF('DAY 1 SCORES'!$B$4:$B$123, B5, 'DAY 1 SCORES'!$D$4:$D$123) -> 0 | I5: =SUMIF('DAY 2 SCORES'!$B$4:$B$123, B5, 'DAY 2 SCORES'!$D$4:$D$123) -> 0 | J5: =H5+I5 -> 0 | K5: =SUMIF('DAY 1 SCORES'!$B$4:$B$123, B5, 'DAY 1 SCORES'!$H$4:$H$123) -> 14400 | L5: =SUMIF('DAY 2 SCORES'!$B$4:$B$123, B5, 'DAY 2 SCORES'!$H$4:$H$123) -> 14400 | M5: =IF(OR(B5="", B5=0), 999, SUM(K5:L5)) -> 999 | AA5: =REGISTRATION!B4 | AB5: =REGISTRATION!C4 | AC5: ='DAY 1 SCORES'!E6 -> 0 | AD5: ='DAY 1 SCORES'!F6 -> 0 | AE5: ='DAY 2 SCORES'!E6 -> 0 | AF5: ='DAY 2 SCORES'!F6 -> 0 | AG5: ='DAY 1 SCORES'!G6 -> 0 | AH5: ='DAY 2 SCORES'!G6 -> 0 | AI5: =SUM(AG5:AH5) -> 0 | AJ5: ='DAY 1 SCORES'!H6 -> 120 | AK5: ='DAY 2 SCORES'!H6 -> 120 | AL5: =SUM(AJ5:AK5) -> 240
A6: =IF(B6="", "", ROW()-2) | B6: =IF(REGISTRATION!B9="", "", REGISTRATION!B9) | C6: =IF(B6="", "", _xlfn.XLOOKUP(B6, REGISTRATION!B:B, REGISTRATION!C:C, "")) | D6: =IFERROR(INDEX('DAY 1 SCORES'!$E$4:$E$123, MATCH(B6, 'DAY 1 SCORES'!$B$4:$B$123, 0)), "") -> 0 | E6: =SUMIF('DAY 1 SCORES'!$B$4:$B$123, B6, 'DAY 1 SCORES'!$F$4:$F$123) -> 0 | F6: =IFERROR(INDEX('DAY 2 SCORES'!$E$4:$E$123, MATCH(B6, 'DAY 2 SCORES'!$B$4:$B$123, 0)), "") -> 0 | G6: =SUMIF('DAY 2 SCORES'!$B$4:$B$123, B6, 'DAY 2 SCORES'!$F$4:$F$123) -> 0 | H6: =SUMIF('DAY 1 SCORES'!$B$4:$B$123, B6, 'DAY 1 SCORES'!$D$4:$D$123) -> 0 | I6: =SUMIF('DAY 2 SCORES'!$B$4:$B$123, B6, 'DAY 2 SCORES'!$D$4:$D$123) -> 0 | J6: =H6+I6 -> 0 | K6: =SUMIF('DAY 1 SCORES'!$B$4:$B$123, B6, 'DAY 1 SCORES'!$H$4:$H$123) -> 14400 | L6: =SUMIF('DAY 2 SCORES'!$B$4:$B$123, B6, 'DAY 2 SCORES'!$H$4:$H$123) -> 14400 | M6: =IF(OR(B6="", B6=0), 999, SUM(K6:L6)) -> 999 | AA6: =REGISTRATION!B5 | AB6: =REGISTRATION!C5 | AC6: ='DAY 1 SCORES'!E7 -> 0 | AD6: ='DAY 1 SCORES'!F7 -> 0 | AE6: ='DAY 2 SCORES'!E7 -> 0 | AF6: ='DAY 2 SCORES'!F7 -> 0 | AG6: ='DAY 1 SCORES'!G7 -> 0 | AH6: ='DAY 2 SCORES'!G7 -> 0 | AI6: =SUM(AG6:AH6) -> 0 | AJ6: ='DAY 1 SCORES'!H7 -> 120 | AK6: ='DAY 2 SCORES'!H7 -> 120 | AL6: =SUM(AJ6:AK6) -> 240
A7: =IF(B7="", "", ROW()-2) | B7: =IF(REGISTRATION!B3="", "", REGISTRATION!B3) | C7: =IF(B7="", "", _xlfn.XLOOKUP(B7, REGISTRATION!B:B, REGISTRATION!C:C, "")) | D7: =IFERROR(INDEX('DAY 1 SCORES'!$E$4:$E$123, MATCH(B7, 'DAY 1 SCORES'!$B$4:$B$123, 0)), "") -> 0 | E7: =SUMIF('DAY 1 SCORES'!$B$4:$B$123, B7, 'DAY 1 SCORES'!$F$4:$F$123) -> 0 | F7: =IFERROR(INDEX('DAY 2 SCORES'!$E$4:$E$123, MATCH(B7, 'DAY 2 SCORES'!$B$4:$B$123, 0)), "") -> 0 | G7: =SUMIF('DAY 2 SCORES'!$B$4:$B$123, B7, 'DAY 2 SCORES'!$F$4:$F$123) -> 0 | H7: =SUMIF('DAY 1 SCORES'!$B$4:$B$123, B7, 'DAY 1 SCORES'!$D$4:$D$123) -> 0 | I7: =SUMIF('DAY 2 SCORES'!$B$4:$B$123, B7, 'DAY 2 SCORES'!$D$4:$D$123) -> 0 | J7: =H7+I7 -> 0 | K7: =SUMIF('DAY 1 SCORES'!$B$4:$B$123, B7, 'DAY 1 SCORES'!$H$4:$H$123) -> 14400 | L7: =SUMIF('DAY 2 SCORES'!$B$4:$B$123, B7, 'DAY 2 SCORES'!$H$4:$H$123) -> 14400 | M7: =IF(OR(B7="", B7=0), 999, SUM(K7:L7)) -> 999 | AA7: =REGISTRATION!B6 | AB7: =REGISTRATION!C6 | AC7: ='DAY 1 SCORES'!E8 -> 0 | AD7: ='DAY 1 SCORES'!F8 -> 0 | AE7: ='DAY 2 SCORES'!E8 -> 0 | AF7: ='DAY 2 SCORES'!F8 -> 0 | AG7: ='DAY 1 SCORES'!G8 -> 0 | AH7: ='DAY 2 SCORES'!G8 -> 0 | AI7: =SUM(AG7:AH7) -> 0 | AJ7: ='DAY 1 SCORES'!H8 -> 120 | AK7: ='DAY 2 SCORES'!H8 -> 120 | AL7: =SUM(AJ7:AK7) -> 240
A8: =IF(B8="", "", ROW()-2) | B8: =IF(REGISTRATION!B7="", "", REGISTRATION!B7) | C8: =IF(B8="", "", _xlfn.XLOOKUP(B8, REGISTRATION!B:B, REGISTRATION!C:C, "")) | D8: =IFERROR(INDEX('DAY 1 SCORES'!$E$4:$E$123, MATCH(B8, 'DAY 1 SCORES'!$B$4:$B$123, 0)), "") -> 0 | E8: =SUMIF('DAY 1 SCORES'!$B$4:$B$123, B8, 'DAY 1 SCORES'!$F$4:$F$123) -> 0 | F8: =IFERROR(INDEX('DAY 2 SCORES'!$E$4:$E$123, MATCH(B8, 'DAY 2 SCORES'!$B$4:$B$123, 0)), "") -> 0 | G8: =SUMIF('DAY 2 SCORES'!$B$4:$B$123, B8, 'DAY 2 SCORES'!$F$4:$F$123) -> 0 | H8: =SUMIF('DAY 1 SCORES'!$B$4:$B$123, B8, 'DAY 1 SCORES'!$D$4:$D$123) -> 0 | I8: =SUMIF('DAY 2 SCORES'!$B$4:$B$123, B8, 'DAY 2 SCORES'!$D$4:$D$123) -> 0 | J8: =H8+I8 -> 0 | K8: =SUMIF('DAY 1 SCORES'!$B$4:$B$123, B8, 'DAY 1 SCORES'!$H$4:$H$123) -> 14400 | L8: =SUMIF('DAY 2 SCORES'!$B$4:$B$123, B8, 'DAY 2 SCORES'!$H$4:$H$123) -> 14400 | M8: =IF(OR(B8="", B8=0), 999, SUM(K8:L8)) -> 999 | AA8: =REGISTRATION!B7 | AB8: =REGISTRATION!C7 | AC8: ='DAY 1 SCORES'!E9 -> 0 | AD8: ='DAY 1 SCORES'!F9 -> 0 | AE8: ='DAY 2 SCORES'!E9 -> 0 | AF8: ='DAY 2 SCORES'!F9 -> 0 | AG8: ='DAY 1 SCORES'!G9 -> 0 | AH8: ='DAY 2 SCORES'!G9 -> 0 | AI8: =SUM(AG8:AH8) -> 0 | AJ8: ='DAY 1 SCORES'!H9 -> 120 | AK8: ='DAY 2 SCORES'!H9 -> 120 | AL8: =SUM(AJ8:AK8) -> 240
A9: =IF(B9="", "", ROW()-2) | B9: =IF(REGISTRATION!B2="", "", REGISTRATION!B2) | C9: =IF(B9="", "", _xlfn.XLOOKUP(B9, REGISTRATION!B:B, REGISTRATION!C:C, "")) | D9: =IFERROR(INDEX('DAY 1 SCORES'!$E$4:$E$123, MATCH(B9, 'DAY 1 SCORES'!$B$4:$B$123, 0)), "") -> 0 | E9: =SUMIF('DAY 1 SCORES'!$B$4:$B$123, B9, 'DAY 1 SCORES'!$F$4:$F$123) -> 0 | F9: =IFERROR(INDEX('DAY 2 SCORES'!$E$4:$E$123, MATCH(B9, 'DAY 2 SCORES'!$B$4:$B$123, 0)), "") -> 0 | G9: =SUMIF('DAY 2 SCORES'!$B$4:$B$123, B9, 'DAY 2 SCORES'!$F$4:$F$123) -> 0 | H9: =SUMIF('DAY 1 SCORES'!$B$4:$B$123, B9, 'DAY 1 SCORES'!$D$4:$D$123) -> 0 | I9: =SUMIF('DAY 2 SCORES'!$B$4:$B$123, B9, 'DAY 2 SCORES'!$D$4:$D$123) -> 0 | J9: =H9+I9 -> 0 | K9: =SUMIF('DAY 1 SCORES'!$B$4:$B$123, B9, 'DAY 1 SCORES'!$H$4:$H$123) -> 14400 | L9: =SUMIF('DAY 2 SCORES'!$B$4:$B$123, B9, 'DAY 2 SCORES'!$H$4:$H$123) -> 14400 | M9: =IF(OR(B9="", B9=0), 999, SUM(K9:L9)) -> 999 | AA9: =REGISTRATION!B8 | AB9: =REGISTRATION!C8 | AC9: ='DAY 1 SCORES'!E10 -> 0 | AD9: ='DAY 1 SCORES'!F10 -> 0 | AE9: ='DAY 2 SCORES'!E10 -> 0 | AF9: ='DAY 2 SCORES'!F10 -> 0 | AG9: ='DAY 1 SCORES'!G10 -> 0 | AH9: ='DAY 2 SCORES'!G10 -> 0 | AI9: =SUM(AG9:AH9) -> 0 | AJ9: ='DAY 1 SCORES'!H10 -> 120 | AK9: ='DAY 2 SCORES'!H10 -> 120 | AL9: =SUM(AJ9:AK9) -> 240
A10: =IF(B10="", "", ROW()-2) | B10: =IF(REGISTRATION!B4="", "", REGISTRATION!B4) | C10: =IF(B10="", "", _xlfn.XLOOKUP(B10, REGISTRATION!B:B, REGISTRATION!C:C, "")) | D10: =IFERROR(INDEX('DAY 1 SCORES'!$E$4:$E$123, MATCH(B10, 'DAY 1 SCORES'!$B$4:$B$123, 0)), "") -> 0 | E10: =SUMIF('DAY 1 SCORES'!$B$4:$B$123, B10, 'DAY 1 SCORES'!$F$4:$F$123) -> 0 | F10: =IFERROR(INDEX('DAY 2 SCORES'!$E$4:$E$123, MATCH(B10, 'DAY 2 SCORES'!$B$4:$B$123, 0)), "") -> 0 | G10: =SUMIF('DAY 2 SCORES'!$B$4:$B$123, B10, 'DAY 2 SCORES'!$F$4:$F$123) -> 0 | H10: =SUMIF('DAY 1 SCORES'!$B$4:$B$123, B10, 'DAY 1 SCORES'!$D$4:$D$123) -> 0 | I10: =SUMIF('DAY 2 SCORES'!$B$4:$B$123, B10, 'DAY 2 SCORES'!$D$4:$D$123) -> 0 | J10: =H10+I10 -> 0 | K10: =SUMIF('DAY 1 SCORES'!$B$4:$B$123, B10, 'DAY 1 SCORES'!$H$4:$H$123) -> 14400 | L10: =SUMIF('DAY 2 SCORES'!$B$4:$B$123, B10, 'DAY 2 SCORES'!$H$4:$H$123) -> 14400 | M10: =IF(OR(B10="", B10=0), 999, SUM(K10:L10)) -> 999 | AA10: =REGISTRATION!B9 | AB10: =REGISTRATION!C9 | AC10: ='DAY 1 SCORES'!E11 -> 0 | AD10: ='DAY 1 SCORES'!F11 -> 0 | AE10: ='DAY 2 SCORES'!E11 -> 0 | AF10: ='DAY 2 SCORES'!F11 -> 0 | AG10: ='DAY 1 SCORES'!G11 -> 0 | AH10: ='DAY 2 SCORES'!G11 -> 0 | AI10: =SUM(AG10:AH10) -> 0 | AJ10: ='DAY 1 SCORES'!H11 -> 120 | AK10: ='DAY 2 SCORES'!H11 -> 120 | AL10: =SUM(AJ10:AK10) -> 240
A11: =IF(B11="", "", ROW()-2) | B11: =IF(REGISTRATION!B10="", "", REGISTRATION!B10) | C11: =IF(B11="", "", _xlfn.XLOOKUP(B11, REGISTRATION!B:B, REGISTRATION!C:C, "")) | D11: =IFERROR(INDEX('DAY 1 SCORES'!$E$4:$E$123, MATCH(B11, 'DAY 1 SCORES'!$B$4:$B$123, 0)), "") -> 0 | E11: =SUMIF('DAY 1 SCORES'!$B$4:$B$123, B11, 'DAY 1 SCORES'!$F$4:$F$123) -> 0 | F11: =IFERROR(INDEX('DAY 2 SCORES'!$E$4:$E$123, MATCH(B11, 'DAY 2 SCORES'!$B$4:$B$123, 0)), "") -> 0 | G11: =SUMIF('DAY 2 SCORES'!$B$4:$B$123, B11, 'DAY 2 SCORES'!$F$4:$F$123) -> 0 | H11: =SUMIF('DAY 1 SCORES'!$B$4:$B$123, B11, 'DAY 1 SCORES'!$D$4:$D$123) -> 0 | I11: =SUMIF('DAY 2 SCORES'!$B$4:$B$123, B11, 'DAY 2 SCORES'!$D$4:$D$123) -> 0 | J11: =H11+I11 -> 0 | K11: =SUMIF('DAY 1 SCORES'!$B$4:$B$123, B11, 'DAY 1 SCORES'!$H$4:$H$123) -> 14400 | L11: =SUMIF('DAY 2 SCORES'!$B$4:$B$123, B11, 'DAY 2 SCORES'!$H$4:$H$123) -> 14400 | M11: =IF(OR(B11="", B11=0), 999, SUM(K11:L11)) -> 999 | AA11: =REGISTRATION!B10 | AB11: =REGISTRATION!C10 | AC11: ='DAY 1 SCORES'!E12 -> 0 | AD11: ='DAY 1 SCORES'!F12 -> 0 | AE11: ='DAY 2 SCORES'!E12 -> 0 | AF11: ='DAY 2 SCORES'!F12 -> 0 | AG11: ='DAY 1 SCORES'!G12 -> 0 | AH11: ='DAY 2 SCORES'!G12 -> 0 | AI11: =SUM(AG11:AH11) -> 0 | AJ11: ='DAY 1 SCORES'!H12 -> 120 | AK11: ='DAY 2 SCORES'!H12 -> 120 | AL11: =SUM(AJ11:AK11) -> 240
A12: =IF(B12="", "", ROW()-2) | B12: =IF(REGISTRATION!B11="", "", REGISTRATION!B11) | C12: =IF(B12="", "", _xlfn.XLOOKUP(B12, REGISTRATION!B:B, REGISTRATION!C:C, "")) | D12: =IFERROR(INDEX('DAY 1 SCORES'!$E$4:$E$123, MATCH(B12, 'DAY 1 SCORES'!$B$4:$B$123, 0)), "") -> 0 | E12: =SUMIF('DAY 1 SCORES'!$B$4:$B$123, B12, 'DAY 1 SCORES'!$F$4:$F$123) -> 0 | F12: =IFERROR(INDEX('DAY 2 SCORES'!$E$4:$E$123, MATCH(B12, 'DAY 2 SCORES'!$B$4:$B$123, 0)), "") -> 0 | G12: =SUMIF('DAY 2 SCORES'!$B$4:$B$123, B12, 'DAY 2 SCORES'!$F$4:$F$123) -> 0 | H12: =SUMIF('DAY 1 SCORES'!$B$4:$B$123, B12, 'DAY 1 SCORES'!$D$4:$D$123) -> 0 | I12: =SUMIF('DAY 2 SCORES'!$B$4:$B$123, B12, 'DAY 2 SCORES'!$D$4:$D$123) -> 0 | J12: =H12+I12 -> 0 | K12: =SUMIF('DAY 1 SCORES'!$B$4:$B$123, B12, 'DAY 1 SCORES'!$H$4:$H$123) -> 14400 | L12: =SUMIF('DAY 2 SCORES'!$B$4:$B$123, B12, 'DAY 2 SCORES'!$H$4:$H$123) -> 14400 | M12: =IF(OR(B12="", B12=0), 999, SUM(K12:L12)) -> 999 | AA12: =REGISTRATION!B11 | AB12: =REGISTRATION!C11 | AC12: ='DAY 1 SCORES'!E13 -> 0 | AD12: ='DAY 1 SCORES'!F13 -> 0 | AE12: ='DAY 2 SCORES'!E13 -> 0 | AF12: ='DAY 2 SCORES'!F13 -> 0 | AG12: ='DAY 1 SCORES'!G13 -> 0 | AH12: ='DAY 2 SCORES'!G13 -> 0 | AI12: =SUM(AG12:AH12) -> 0 | AJ12: ='DAY 1 SCORES'!H13 -> 120 | AK12: ='DAY 2 SCORES'!H13 -> 120 | AL12: =SUM(AJ12:AK12) -> 240
A13: =IF(B13="", "", ROW()-2) | B13: =IF(REGISTRATION!B12="", "", REGISTRATION!B12) | C13: =IF(B13="", "", _xlfn.XLOOKUP(B13, REGISTRATION!B:B, REGISTRATION!C:C, "")) | D13: =IFERROR(INDEX('DAY 1 SCORES'!$E$4:$E$123, MATCH(B13, 'DAY 1 SCORES'!$B$4:$B$123, 0)), "") -> 0 | E13: =SUMIF('DAY 1 SCORES'!$B$4:$B$123, B13, 'DAY 1 SCORES'!$F$4:$F$123) -> 0 | F13: =IFERROR(INDEX('DAY 2 SCORES'!$E$4:$E$123, MATCH(B13, 'DAY 2 SCORES'!$B$4:$B$123, 0)), "") -> 0 | G13: =SUMIF('DAY 2 SCORES'!$B$4:$B$123, B13, 'DAY 2 SCORES'!$F$4:$F$123) -> 0 | H13: =SUMIF('DAY 1 SCORES'!$B$4:$B$123, B13, 'DAY 1 SCORES'!$D$4:$D$123) -> 0 | I13: =SUMIF('DAY 2 SCORES'!$B$4:$B$123, B13, 'DAY 2 SCORES'!$D$4:$D$123) -> 0 | J13: =H13+I13 -> 0 | K13: =SUMIF('DAY 1 SCORES'!$B$4:$B$123, B13, 'DAY 1 SCORES'!$H$4:$H$123) -> 14400 | L13: =SUMIF('DAY 2 SCORES'!$B$4:$B$123, B13, 'DAY 2 SCORES'!$H$4:$H$123) -> 14400 | M13: =IF(OR(B13="", B13=0), 999, SUM(K13:L13)) -> 999 | AA13: =REGISTRATION!B12 | AB13: =REGISTRATION!C12 | AC13: ='DAY 1 SCORES'!E14 -> 0 | AD13: ='DAY 1 SCORES'!F14 -> 0 | AE13: ='DAY 2 SCORES'!E14 -> 0 | AF13: ='DAY 2 SCORES'!F14 -> 0 | AG13: ='DAY 1 SCORES'!G14 -> 0 | AH13: ='DAY 2 SCORES'!G14 -> 0 | AI13: =SUM(AG13:AH13) -> 0 | AJ13: ='DAY 1 SCORES'!H14 -> 120 | AK13: ='DAY 2 SCORES'!H14 -> 120 | AL13: =SUM(AJ13:AK13) -> 240
A14: =IF(B14="", "", ROW()-2) | B14: =IF(REGISTRATION!B13="", "", REGISTRATION!B13) | C14: =IF(B14="", "", _xlfn.XLOOKUP(B14, REGISTRATION!B:B, REGISTRATION!C:C, "")) | D14: =IFERROR(INDEX('DAY 1 SCORES'!$E$4:$E$123, MATCH(B14, 'DAY 1 SCORES'!$B$4:$B$123, 0)), "") -> 0 | E14: =SUMIF('DAY 1 SCORES'!$B$4:$B$123, B14, 'DAY 1 SCORES'!$F$4:$F$123) -> 0 | F14: =IFERROR(INDEX('DAY 2 SCORES'!$E$4:$E$123, MATCH(B14, 'DAY 2 SCORES'!$B$4:$B$123, 0)), "") -> 0 | G14: =SUMIF('DAY 2 SCORES'!$B$4:$B$123, B14, 'DAY 2 SCORES'!$F$4:$F$123) -> 0 | H14: =SUMIF('DAY 1 SCORES'!$B$4:$B$123, B14, 'DAY 1 SCORES'!$D$4:$D$123) -> 0 | I14: =SUMIF('DAY 2 SCORES'!$B$4:$B$123, B14, 'DAY 2 SCORES'!$D$4:$D$123) -> 0 | J14: =H14+I14 -> 0 | K14: =SUMIF('DAY 1 SCORES'!$B$4:$B$123, B14, 'DAY 1 SCORES'!$H$4:$H$123) -> 14400 | L14: =SUMIF('DAY 2 SCORES'!$B$4:$B$123, B14, 'DAY 2 SCORES'!$H$4:$H$123) -> 14400 | M14: =IF(OR(B14="", B14=0), 999, SUM(K14:L14)) -> 999 | AA14: =REGISTRATION!B13 | AB14: =REGISTRATION!C13 | AC14: ='DAY 1 SCORES'!E15 -> 0 | AD14: ='DAY 1 SCORES'!F15 -> 0 | AE14: ='DAY 2 SCORES'!E15 -> 0 | AF14: ='DAY 2 SCORES'!F15 -> 0 | AG14: ='DAY 1 SCORES'!G15 -> 0 | AH14: ='DAY 2 SCORES'!G15 -> 0 | AI14: =SUM(AG14:AH14) -> 0 | AJ14: ='DAY 1 SCORES'!H15 -> 120 | AK14: ='DAY 2 SCORES'!H15 -> 120 | AL14: =SUM(AJ14:AK14) -> 240
A15: =IF(B15="", "", ROW()-2) | B15: =IF(REGISTRATION!B14="", "", REGISTRATION!B14) | C15: =IF(B15="", "", _xlfn.XLOOKUP(B15, REGISTRATION!B:B, REGISTRATION!C:C, "")) | D15: =IFERROR(INDEX('DAY 1 SCORES'!$E$4:$E$123, MATCH(B15, 'DAY 1 SCORES'!$B$4:$B$123, 0)), "") -> 0 | E15: =SUMIF('DAY 1 SCORES'!$B$4:$B$123, B15, 'DAY 1 SCORES'!$F$4:$F$123) -> 0 | F15: =IFERROR(INDEX('DAY 2 SCORES'!$E$4:$E$123, MATCH(B15, 'DAY 2 SCORES'!$B$4:$B$123, 0)), "") -> 0 | G15: =SUMIF('DAY 2 SCORES'!$B$4:$B$123, B15, 'DAY 2 SCORES'!$F$4:$F$123) -> 0 | H15: =SUMIF('DAY 1 SCORES'!$B$4:$B$123, B15, 'DAY 1 SCORES'!$D$4:$D$123) -> 0 | I15: =SUMIF('DAY 2 SCORES'!$B$4:$B$123, B15, 'DAY 2 SCORES'!$D$4:$D$123) -> 0 | J15: =H15+I15 -> 0 | K15: =SUMIF('DAY 1 SCORES'!$B$4:$B$123, B15, 'DAY 1 SCORES'!$H$4:$H$123) -> 14400 | L15: =SUMIF('DAY 2 SCORES'!$B$4:$B$123, B15, 'DAY 2 SCORES'!$H$4:$H$123) -> 14400 | M15: =IF(OR(B15="", B15=0), 999, SUM(K15:L15)) -> 999 | AA15: =REGISTRATION!B14 | AB15: =REGISTRATION!C14 | AC15: ='DAY 1 SCORES'!E16 -> 0 | AD15: ='DAY 1 SCORES'!F16 -> 0 | AE15: ='DAY 2 SCORES'!E16 -> 0 | AF15: ='DAY 2 SCORES'!F16 -> 0 | AG15: ='DAY 1 SCORES'!G16 -> 0 | AH15: ='DAY 2 SCORES'!G16 -> 0 | AI15: =SUM(AG15:AH15) -> 0 | AJ15: ='DAY 1 SCORES'!H16 -> 120 | AK15: ='DAY 2 SCORES'!H16 -> 120 | AL15: =SUM(AJ15:AK15) -> 240
A16: =IF(B16="", "", ROW()-2) | B16: =IF(REGISTRATION!B15="", "", REGISTRATION!B15) | C16: =IF(B16="", "", _xlfn.XLOOKUP(B16, REGISTRATION!B:B, REGISTRATION!C:C, "")) | D16: =IFERROR(INDEX('DAY 1 SCORES'!$E$4:$E$123, MATCH(B16, 'DAY 1 SCORES'!$B$4:$B$123, 0)), "") -> 0 | E16: =SUMIF('DAY 1 SCORES'!$B$4:$B$123, B16, 'DAY 1 SCORES'!$F$4:$F$123) -> 0 | F16: =IFERROR(INDEX('DAY 2 SCORES'!$E$4:$E$123, MATCH(B16, 'DAY 2 SCORES'!$B$4:$B$123, 0)), "") -> 0 | G16: =SUMIF('DAY 2 SCORES'!$B$4:$B$123, B16, 'DAY 2 SCORES'!$F$4:$F$123) -> 0 | H16: =SUMIF('DAY 1 SCORES'!$B$4:$B$123, B16, 'DAY 1 SCORES'!$D$4:$D$123) -> 0 | I16: =SUMIF('DAY 2 SCORES'!$B$4:$B$123, B16, 'DAY 2 SCORES'!$D$4:$D$123) -> 0 | J16: =H16+I16 -> 0 | K16: =SUMIF('DAY 1 SCORES'!$B$4:$B$123, B16, 'DAY 1 SCORES'!$H$4:$H$123) -> 14400 | L16: =SUMIF('DAY 2 SCORES'!$B$4:$B$123, B16, 'DAY 2 SCORES'!$H$4:$H$123) -> 14400 | M16: =IF(OR(B16="", B16=0), 999, SUM(K16:L16)) -> 999 | AA16: =REGISTRATION!B15 | AB16: =REGISTRATION!C15 | AC16: ='DAY 1 SCORES'!E17 -> 0 | AD16: ='DAY 1 SCORES'!F17 -> 0 | AE16: ='DAY 2 SCORES'!E17 -> 0 | AF16: ='DAY 2 SCORES'!F17 -> 0 | AG16: ='DAY 1 SCORES'!G17 -> 0 | AH16: ='DAY 2 SCORES'!G17 -> 0 | AI16: =SUM(AG16:AH16) -> 0 | AJ16: ='DAY 1 SCORES'!H17 -> 120 | AK16: ='DAY 2 SCORES'!H17 -> 120 | AL16: =SUM(AJ16:AK16) -> 240
A17: =IF(B17="", "", ROW()-2) | B17: =IF(REGISTRATION!B16="", "", REGISTRATION!B16) | C17: =IF(B17="", "", _xlfn.XLOOKUP(B17, REGISTRATION!B:B, REGISTRATION!C:C, "")) | D17: =IFERROR(INDEX('DAY 1 SCORES'!$E$4:$E$123, MATCH(B17, 'DAY 1 SCORES'!$B$4:$B$123, 0)), "") -> 0 | E17: =SUMIF('DAY 1 SCORES'!$B$4:$B$123, B17, 'DAY 1 SCORES'!$F$4:$F$123) -> 0 | F17: =IFERROR(INDEX('DAY 2 SCORES'!$E$4:$E$123, MATCH(B17, 'DAY 2 SCORES'!$B$4:$B$123, 0)), "") -> 0 | G17: =SUMIF('DAY 2 SCORES'!$B$4:$B$123, B17, 'DAY 2 SCORES'!$F$4:$F$123) -> 0 | H17: =SUMIF('DAY 1 SCORES'!$B$4:$B$123, B17, 'DAY 1 SCORES'!$D$4:$D$123) -> 0 | I17: =SUMIF('DAY 2 SCORES'!$B$4:$B$123, B17, 'DAY 2 SCORES'!$D$4:$D$123) -> 0 | J17: =H17+I17 -> 0 | K17: =SUMIF('DAY 1 SCORES'!$B$4:$B$123, B17, 'DAY 1 SCORES'!$H$4:$H$123) -> 14400 | L17: =SUMIF('DAY 2 SCORES'!$B$4:$B$123, B17, 'DAY 2 SCORES'!$H$4:$H$123) -> 14400 | M17: =IF(OR(B17="", B17=0), 999, SUM(K17:L17)) -> 999 | AA17: =REGISTRATION!B16 | AB17: =REGISTRATION!C16 | AC17: ='DAY 1 SCORES'!E18 -> 0 | AD17: ='DAY 1 SCORES'!F18 -> 0 | AE17: ='DAY 2 SCORES'!E18 -> 0 | AF17: ='DAY 2 SCORES'!F18 -> 0 | AG17: ='DAY 1 SCORES'!G18 -> 0 | AH17: ='DAY 2 SCORES'!G18 -> 0 | AI17: =SUM(AG17:AH17) -> 0 | AJ17: ='DAY 1 SCORES'!H18 -> 120 | AK17: ='DAY 2 SCORES'!H18 -> 120 | AL17: =SUM(AJ17:AK17) -> 240
A18: =IF(B18="", "", ROW()-2) | B18: =IF(REGISTRATION!B17="", "", REGISTRATION!B17) | C18: =IF(B18="", "", _xlfn.XLOOKUP(B18, REGISTRATION!B:B, REGISTRATION!C:C, "")) | D18: =IFERROR(INDEX('DAY 1 SCORES'!$E$4:$E$123, MATCH(B18, 'DAY 1 SCORES'!$B$4:$B$123, 0)), "") -> 0 | E18: =SUMIF('DAY 1 SCORES'!$B$4:$B$123, B18, 'DAY 1 SCORES'!$F$4:$F$123) -> 0 | F18: =IFERROR(INDEX('DAY 2 SCORES'!$E$4:$E$123, MATCH(B18, 'DAY 2 SCORES'!$B$4:$B$123, 0)), "") -> 0 | G18: =SUMIF('DAY 2 SCORES'!$B$4:$B$123, B18, 'DAY 2 SCORES'!$F$4:$F$123) -> 0 | H18: =SUMIF('DAY 1 SCORES'!$B$4:$B$123, B18, 'DAY 1 SCORES'!$D$4:$D$123) -> 0 | I18: =SUMIF('DAY 2 SCORES'!$B$4:$B$123, B18, 'DAY 2 SCORES'!$D$4:$D$123) -> 0 | J18: =H18+I18 -> 0 | K18: =SUMIF('DAY 1 SCORES'!$B$4:$B$123, B18, 'DAY 1 SCORES'!$H$4:$H$123) -> 14400 | L18: =SUMIF('DAY 2 SCORES'!$B$4:$B$123, B18, 'DAY 2 SCORES'!$H$4:$H$123) -> 14400 | M18: =IF(OR(B18="", B18=0), 999, SUM(K18:L18)) -> 999 | AA18: =REGISTRATION!B17 | AB18: =REGISTRATION!C17 | AC18: ='DAY 1 SCORES'!E19 -> 0 | AD18: ='DAY 1 SCORES'!F19 -> 0 | AE18: ='DAY 2 SCORES'!E19 -> 0 | AF18: ='DAY 2 SCORES'!F19 -> 0 | AG18: ='DAY 1 SCORES'!G19 -> 0 | AH18: ='DAY 2 SCORES'!G19 -> 0 | AI18: =SUM(AG18:AH18) -> 0 | AJ18: ='DAY 1 SCORES'!H19 -> 120 | AK18: ='DAY 2 SCORES'!H19 -> 120 | AL18: =SUM(AJ18:AK18) -> 240
A19: =IF(B19="", "", ROW()-2) | B19: =IF(REGISTRATION!B18="", "", REGISTRATION!B18) | C19: =IF(B19="", "", _xlfn.XLOOKUP(B19, REGISTRATION!B:B, REGISTRATION!C:C, "")) | D19: =IFERROR(INDEX('DAY 1 SCORES'!$E$4:$E$123, MATCH(B19, 'DAY 1 SCORES'!$B$4:$B$123, 0)), "") -> 0 | E19: =SUMIF('DAY 1 SCORES'!$B$4:$B$123, B19, 'DAY 1 SCORES'!$F$4:$F$123) -> 0 | F19: =IFERROR(INDEX('DAY 2 SCORES'!$E$4:$E$123, MATCH(B19, 'DAY 2 SCORES'!$B$4:$B$123, 0)), "") -> 0 | G19: =SUMIF('DAY 2 SCORES'!$B$4:$B$123, B19, 'DAY 2 SCORES'!$F$4:$F$123) -> 0 | H19: =SUMIF('DAY 1 SCORES'!$B$4:$B$123, B19, 'DAY 1 SCORES'!$D$4:$D$123) -> 0 | I19: =SUMIF('DAY 2 SCORES'!$B$4:$B$123, B19, 'DAY 2 SCORES'!$D$4:$D$123) -> 0 | J19: =H19+I19 -> 0 | K19: =SUMIF('DAY 1 SCORES'!$B$4:$B$123, B19, 'DAY 1 SCORES'!$H$4:$H$123) -> 14400 | L19: =SUMIF('DAY 2 SCORES'!$B$4:$B$123, B19, 'DAY 2 SCORES'!$H$4:$H$123) -> 14400 | M19: =IF(OR(B19="", B19=0), 999, SUM(K19:L19)) -> 999 | AA19: =REGISTRATION!B18 | AB19: =REGISTRATION!C18 | AC19: ='DAY 1 SCORES'!E20 -> 0 | AD19: ='DAY 1 SCORES'!F20 -> 0 | AE19: ='DAY 2 SCORES'!E20 -> 0 | AF19: ='DAY 2 SCORES'!F20 -> 0 | AG19: ='DAY 1 SCORES'!G20 -> 0 | AH19: ='DAY 2 SCORES'!G20 -> 0 | AI19: =SUM(AG19:AH19) -> 0 | AJ19: ='DAY 1 SCORES'!H20 -> 120 | AK19: ='DAY 2 SCORES'!H20 -> 120 | AL19: =SUM(AJ19:AK19) -> 240
A20: =IF(B20="", "", ROW()-2) | B20: =IF(REGISTRATION!B19="", "", REGISTRATION!B19) | C20: =IF(B20="", "", _xlfn.XLOOKUP(B20, REGISTRATION!B:B, REGISTRATION!C:C, "")) | D20: =IFERROR(INDEX('DAY 1 SCORES'!$E$4:$E$123, MATCH(B20, 'DAY 1 SCORES'!$B$4:$B$123, 0)), "") -> 0 | E20: =SUMIF('DAY 1 SCORES'!$B$4:$B$123, B20, 'DAY 1 SCORES'!$F$4:$F$123) -> 0 | F20: =IFERROR(INDEX('DAY 2 SCORES'!$E$4:$E$123, MATCH(B20, 'DAY 2 SCORES'!$B$4:$B$123, 0)), "") -> 0 | G20: =SUMIF('DAY 2 SCORES'!$B$4:$B$123, B20, 'DAY 2 SCORES'!$F$4:$F$123) -> 0 | H20: =SUMIF('DAY 1 SCORES'!$B$4:$B$123, B20, 'DAY 1 SCORES'!$D$4:$D$123) -> 0 | I20: =SUMIF('DAY 2 SCORES'!$B$4:$B$123, B20, 'DAY 2 SCORES'!$D$4:$D$123) -> 0 | J20: =H20+I20 -> 0 | K20: =SUMIF('DAY 1 SCORES'!$B$4:$B$123, B20, 'DAY 1 SCORES'!$H$4:$H$123) -> 14400 | L20: =SUMIF('DAY 2 SCORES'!$B$4:$B$123, B20, 'DAY 2 SCORES'!$H$4:$H$123) -> 14400 | M20: =IF(OR(B20="", B20=0), 999, SUM(K20:L20)) -> 999 | AA20: =REGISTRATION!B19 | AB20: =REGISTRATION!C19 | AC20: ='DAY 1 SCORES'!E21 -> 0 | AD20: ='DAY 1 SCORES'!F21 -> 0 | AE20: ='DAY 2 SCORES'!E21 -> 0 | AF20: ='DAY 2 SCORES'!F21 -> 0 | AG20: ='DAY 1 SCORES'!G21 -> 0 | AH20: ='DAY 2 SCORES'!G21 -> 0 | AI20: =SUM(AG20:AH20) -> 0 | AJ20: ='DAY 1 SCORES'!H21 -> 120 | AK20: ='DAY 2 SCORES'!H21 -> 120 | AL20: =SUM(AJ20:AK20) -> 240
A21: =IF(B21="", "", ROW()-2) | B21: =IF(REGISTRATION!B20="", "", REGISTRATION!B20) | C21: =IF(B21="", "", _xlfn.XLOOKUP(B21, REGISTRATION!B:B, REGISTRATION!C:C, "")) | D21: =IFERROR(INDEX('DAY 1 SCORES'!$E$4:$E$123, MATCH(B21, 'DAY 1 SCORES'!$B$4:$B$123, 0)), "") -> 0 | E21: =SUMIF('DAY 1 SCORES'!$B$4:$B$123, B21, 'DAY 1 SCORES'!$F$4:$F$123) -> 0 | F21: =IFERROR(INDEX('DAY 2 SCORES'!$E$4:$E$123, MATCH(B21, 'DAY 2 SCORES'!$B$4:$B$123, 0)), "") -> 0 | G21: =SUMIF('DAY 2 SCORES'!$B$4:$B$123, B21, 'DAY 2 SCORES'!$F$4:$F$123) -> 0 | H21: =SUMIF('DAY 1 SCORES'!$B$4:$B$123, B21, 'DAY 1 SCORES'!$D$4:$D$123) -> 0 | I21: =SUMIF('DAY 2 SCORES'!$B$4:$B$123, B21, 'DAY 2 SCORES'!$D$4:$D$123) -> 0 | J21: =H21+I21 -> 0 | K21: =SUMIF('DAY 1 SCORES'!$B$4:$B$123, B21, 'DAY 1 SCORES'!$H$4:$H$123) -> 14400 | L21: =SUMIF('DAY 2 SCORES'!$B$4:$B$123, B21, 'DAY 2 SCORES'!$H$4:$H$123) -> 14400 | M21: =IF(OR(B21="", B21=0), 999, SUM(K21:L21)) -> 999 | AA21: =REGISTRATION!B20 | AB21: =REGISTRATION!C20 | AC21: ='DAY 1 SCORES'!E22 -> 0 | AD21: ='DAY 1 SCORES'!F22 -> 0 | AE21: ='DAY 2 SCORES'!E22 -> 0 | AF21: ='DAY 2 SCORES'!F22 -> 0 | AG21: ='DAY 1 SCORES'!G22 -> 0 | AH21: ='DAY 2 SCORES'!G22 -> 0 | AI21: =SUM(AG21:AH21) -> 0 | AJ21: ='DAY 1 SCORES'!H22 -> 120 | AK21: ='DAY 2 SCORES'!H22 -> 120 | AL21: =SUM(AJ21:AK21) -> 240
A22: =IF(B22="", "", ROW()-2) | B22: =IF(REGISTRATION!B21="", "", REGISTRATION!B21) | C22: =IF(B22="", "", _xlfn.XLOOKUP(B22, REGISTRATION!B:B, REGISTRATION!C:C, "")) | D22: =IFERROR(INDEX('DAY 1 SCORES'!$E$4:$E$123, MATCH(B22, 'DAY 1 SCORES'!$B$4:$B$123, 0)), "") -> 0 | E22: =SUMIF('DAY 1 SCORES'!$B$4:$B$123, B22, 'DAY 1 SCORES'!$F$4:$F$123) -> 0 | F22: =IFERROR(INDEX('DAY 2 SCORES'!$E$4:$E$123, MATCH(B22, 'DAY 2 SCORES'!$B$4:$B$123, 0)), "") -> 0 | G22: =SUMIF('DAY 2 SCORES'!$B$4:$B$123, B22, 'DAY 2 SCORES'!$F$4:$F$123) -> 0 | H22: =SUMIF('DAY 1 SCORES'!$B$4:$B$123, B22, 'DAY 1 SCORES'!$D$4:$D$123) -> 0 | I22: =SUMIF('DAY 2 SCORES'!$B$4:$B$123, B22, 'DAY 2 SCORES'!$D$4:$D$123) -> 0 | J22: =H22+I22 -> 0 | K22: =SUMIF('DAY 1 SCORES'!$B$4:$B$123, B22, 'DAY 1 SCORES'!$H$4:$H$123) -> 14400 | L22: =SUMIF('DAY 2 SCORES'!$B$4:$B$123, B22, 'DAY 2 SCORES'!$H$4:$H$123) -> 14400 | M22: =IF(OR(B22="", B22=0), 999, SUM(K22:L22)) -> 999 | AA22: =REGISTRATION!B21 | AB22: =REGISTRATION!C21 | AC22: ='DAY 1 SCORES'!E23 -> 0 | AD22: ='DAY 1 SCORES'!F23 -> 0 | AE22: ='DAY 2 SCORES'!E23 -> 0 | AF22: ='DAY 2 SCORES'!F23 -> 0 | AG22: ='DAY 1 SCORES'!G23 -> 0 | AH22: ='DAY 2 SCORES'!G23 -> 0 | AI22: =SUM(AG22:AH22) -> 0 | AJ22: ='DAY 1 SCORES'!H23 -> 120 | AK22: ='DAY 2 SCORES'!H23 -> 120 | AL22: =SUM(AJ22:AK22) -> 240
... A34: =IF(B34="", "", ROW()-2) | B34: =IF(REGISTRATION!B33="", "", REGISTRATION!B33) | C34: =IF(B34="", "", _xlfn.XLOOKUP(B34, REGISTRATION!B:B, REGISTRATION!C:C, "")) | D34: =IFERROR(INDEX('DAY 1 SCORES'!$E$4:$E$123, MATCH(B34, 'DAY 1 SCORES'!$B$4:$B$123, 0)), "") -> 0 | E34: =SUMIF('DAY 1 SCORES'!$B$4:$B$123, B34, 'DAY 1 SCORES'!$F$4:$F$123) -> 0 | F34: =IFERROR(INDEX('DAY 2 SCORES'!$E$4:$E$123, MATCH(B34, 'DAY 2 SCORES'!$B$4:$B$123, 0)), "") -> 0 | G34: =SUMIF('DAY 2 SCORES'!$B$4:$B$123, B34, 'DAY 2 SCORES'!$F$4:$F$123) -> 0 | H34: =SUMIF('DAY 1 SCORES'!$B$4:$B$123, B34, 'DAY 1 SCORES'!$D$4:$D$123) -> 0 | I34: =SUMIF('DAY 2 SCORES'!$B$4:$B$123, B34, 'DAY 2 SCORES'!$D$4:$D$123) -> 0 | J34: =H34+I34 -> 0 | K34: =SUMIF('DAY 1 SCORES'!$B$4:$B$123, B34, 'DAY 1 SCORES'!$H$4:$H$123) -> 14400 | L34: =SUMIF('DAY 2 SCORES'!$B$4:$B$123, B34, 'DAY 2 SCORES'!$H$4:$H$123) -> 14400 | M34: =IF(OR(B34="", B34=0), 999, SUM(K34:L34)) -> 999 | AA34: =REGISTRATION!B33 | AB34: =REGISTRATION!C33 | AC34: ='DAY 1 SCORES'!E35 -> 0 | AD34: ='DAY 1 SCORES'!F35 -> 0 | AE34: ='DAY 2 SCORES'!E35 -> 0 | AF34: ='DAY 2 SCORES'!F35 -> 0 | AG34: ='DAY 1 SCORES'!G35 -> 0 | AH34: ='DAY 2 SCORES'!G35 -> 0 | AI34: =SUM(AG34:AH34) -> 0 | AJ34: ='DAY 1 SCORES'!H35 -> 120 | AK34: ='DAY 2 SCORES'!H35 -> 120 | AL34: =SUM(AJ34:AK34) -> 240
A35: =IF(B35="", "", ROW()-2) | B35: =IF(REGISTRATION!B34="", "", REGISTRATION!B34) | C35: =IF(B35="", "", _xlfn.XLOOKUP(B35, REGISTRATION!B:B, REGISTRATION!C:C, "")) | D35: =IFERROR(INDEX('DAY 1 SCORES'!$E$4:$E$123, MATCH(B35, 'DAY 1 SCORES'!$B$4:$B$123, 0)), "") -> 0 | E35: =SUMIF('DAY 1 SCORES'!$B$4:$B$123, B35, 'DAY 1 SCORES'!$F$4:$F$123) -> 0 | F35: =IFERROR(INDEX('DAY 2 SCORES'!$E$4:$E$123, MATCH(B35, 'DAY 2 SCORES'!$B$4:$B$123, 0)), "") -> 0 | G35: =SUMIF('DAY 2 SCORES'!$B$4:$B$123, B35, 'DAY 2 SCORES'!$F$4:$F$123) -> 0 | H35: =SUMIF('DAY 1 SCORES'!$B$4:$B$123, B35, 'DAY 1 SCORES'!$D$4:$D$123) -> 0 | I35: =SUMIF('DAY 2 SCORES'!$B$4:$B$123, B35, 'DAY 2 SCORES'!$D$4:$D$123) -> 0 | J35: =H35+I35 -> 0 | K35: =SUMIF('DAY 1 SCORES'!$B$4:$B$123, B35, 'DAY 1 SCORES'!$H$4:$H$123) -> 14400 | L35: =SUMIF('DAY 2 SCORES'!$B$4:$B$123, B35, 'DAY 2 SCORES'!$H$4:$H$123) -> 14400 | M35: =IF(OR(B35="", B35=0), 999, SUM(K35:L35)) -> 999 | AB35: =REGISTRATION!C34 | AC35: ='DAY 1 SCORES'!E36 -> 0 | AD35: ='DAY 1 SCORES'!F36 -> 0 | AE35: ='DAY 2 SCORES'!E36 -> 0 | AF35: ='DAY 2 SCORES'!F36 -> 0 | AG35: ='DAY 1 SCORES'!G36 -> 0 | AH35: ='DAY 2 SCORES'!G36 -> 0 | AI35: =SUM(AG35:AH35) -> 0 | AJ35: ='DAY 1 SCORES'!H36 -> 120 | AK35: ='DAY 2 SCORES'!H36 -> 120 | AL35: =SUM(AJ35:AK35) -> 240
A36: =IF(B36="", "", ROW()-2) | B36: =IF(REGISTRATION!B35="", "", REGISTRATION!B35) | C36: =IF(B36="", "", _xlfn.XLOOKUP(B36, REGISTRATION!B:B, REGISTRATION!C:C, "")) | D36: =IFERROR(INDEX('DAY 1 SCORES'!$E$4:$E$123, MATCH(B36, 'DAY 1 SCORES'!$B$4:$B$123, 0)), "") -> 0 | E36: =SUMIF('DAY 1 SCORES'!$B$4:$B$123, B36, 'DAY 1 SCORES'!$F$4:$F$123) -> 0 | F36: =IFERROR(INDEX('DAY 2 SCORES'!$E$4:$E$123, MATCH(B36, 'DAY 2 SCORES'!$B$4:$B$123, 0)), "") -> 0 | G36: =SUMIF('DAY 2 SCORES'!$B$4:$B$123, B36, 'DAY 2 SCORES'!$F$4:$F$123) -> 0 | H36: =SUMIF('DAY 1 SCORES'!$B$4:$B$123, B36, 'DAY 1 SCORES'!$D$4:$D$123) -> 0 | I36: =SUMIF('DAY 2 SCORES'!$B$4:$B$123, B36, 'DAY 2 SCORES'!$D$4:$D$123) -> 0 | J36: =H36+I36 -> 0 | K36: =SUMIF('DAY 1 SCORES'!$B$4:$B$123, B36, 'DAY 1 SCORES'!$H$4:$H$123) -> 14400 | L36: =SUMIF('DAY 2 SCORES'!$B$4:$B$123, B36, 'DAY 2 SCORES'!$H$4:$H$123) -> 14400 | M36: =IF(OR(B36="", B36=0), 999, SUM(K36:L36)) -> 999 | AB36: =REGISTRATION!C35 | AC36: ='DAY 1 SCORES'!E37 -> 0 | AD36: ='DAY 1 SCORES'!F37 -> 0 | AE36: ='DAY 2 SCORES'!E37 -> 0 | AF36: ='DAY 2 SCORES'!F37 -> 0 | AG36: ='DAY 1 SCORES'!G37 -> 0 | AH36: ='DAY 2 SCORES'!G37 -> 0 | AI36: =SUM(AG36:AH36) -> 0 | AJ36: ='DAY 1 SCORES'!H37 -> 120 | AK36: ='DAY 2 SCORES'!H37 -> 120 | AL36: =SUM(AJ36:AK36) -> 240
A37: =IF(B37="", "", ROW()-2) | B37: =IF(REGISTRATION!B36="", "", REGISTRATION!B36) | C37: =IF(B37="", "", _xlfn.XLOOKUP(B37, REGISTRATION!B:B, REGISTRATION!C:C, "")) | D37: =IFERROR(INDEX('DAY 1 SCORES'!$E$4:$E$123, MATCH(B37, 'DAY 1 SCORES'!$B$4:$B$123, 0)), "") -> 0 | E37: =SUMIF('DAY 1 SCORES'!$B$4:$B$123, B37, 'DAY 1 SCORES'!$F$4:$F$123) -> 0 | F37: =IFERROR(INDEX('DAY 2 SCORES'!$E$4:$E$123, MATCH(B37, 'DAY 2 SCORES'!$B$4:$B$123, 0)), "") -> 0 | G37: =SUMIF('DAY 2 SCORES'!$B$4:$B$123, B37, 'DAY 2 SCORES'!$F$4:$F$123) -> 0 | H37: =SUMIF('DAY 1 SCORES'!$B$4:$B$123, B37, 'DAY 1 SCORES'!$D$4:$D$123) -> 0 | I37: =SUMIF('DAY 2 SCORES'!$B$4:$B$123, B37, 'DAY 2 SCORES'!$D$4:$D$123) -> 0 | J37: =H37+I37 -> 0 | K37: =SUMIF('DAY 1 SCORES'!$B$4:$B$123, B37, 'DAY 1 SCORES'!$H$4:$H$123) -> 14400 | L37: =SUMIF('DAY 2 SCORES'!$B$4:$B$123, B37, 'DAY 2 SCORES'!$H$4:$H$123) -> 14400 | M37: =IF(OR(B37="", B37=0), 999, SUM(K37:L37)) -> 999 | AB37: =REGISTRATION!C36 | AC37: ='DAY 1 SCORES'!E38 -> 0 | AD37: ='DAY 1 SCORES'!F38 -> 0 | AE37: ='DAY 2 SCORES'!E38 -> 0 | AF37: ='DAY 2 SCORES'!F38 -> 0 | AG37: ='DAY 1 SCORES'!G38 -> 0 | AH37: ='DAY 2 SCORES'!G38 -> 0 | AI37: =SUM(AG37:AH37) -> 0 | AJ37: ='DAY 1 SCORES'!H38 -> 120 | AK37: ='DAY 2 SCORES'!H38 -> 120 | AL37: =SUM(AJ37:AK37) -> 240
A38: =IF(B38="", "", ROW()-2) | B38: =IF(REGISTRATION!B37="", "", REGISTRATION!B37) | C38: =IF(B38="", "", _xlfn.XLOOKUP(B38, REGISTRATION!B:B, REGISTRATION!C:C, "")) | D38: =IFERROR(INDEX('DAY 1 SCORES'!$E$4:$E$123, MATCH(B38, 'DAY 1 SCORES'!$B$4:$B$123, 0)), "") -> 0 | E38: =SUMIF('DAY 1 SCORES'!$B$4:$B$123, B38, 'DAY 1 SCORES'!$F$4:$F$123) -> 0 | F38: =IFERROR(INDEX('DAY 2 SCORES'!$E$4:$E$123, MATCH(B38, 'DAY 2 SCORES'!$B$4:$B$123, 0)), "") -> 0 | G38: =SUMIF('DAY 2 SCORES'!$B$4:$B$123, B38, 'DAY 2 SCORES'!$F$4:$F$123) -> 0 | H38: =SUMIF('DAY 1 SCORES'!$B$4:$B$123, B38, 'DAY 1 SCORES'!$D$4:$D$123) -> 0 | I38: =SUMIF('DAY 2 SCORES'!$B$4:$B$123, B38, 'DAY 2 SCORES'!$D$4:$D$123) -> 0 | J38: =H38+I38 -> 0 | K38: =SUMIF('DAY 1 SCORES'!$B$4:$B$123, B38, 'DAY 1 SCORES'!$H$4:$H$123) -> 14400 | L38: =SUMIF('DAY 2 SCORES'!$B$4:$B$123, B38, 'DAY 2 SCORES'!$H$4:$H$123) -> 14400 | M38: =IF(OR(B38="", B38=0), 999, SUM(K38:L38)) -> 999 | AB38: =REGISTRATION!C37 | AC38: ='DAY 1 SCORES'!E39 -> 0 | AD38: ='DAY 1 SCORES'!F39 -> 0 | AE38: ='DAY 2 SCORES'!E39 -> 0 | AF38: ='DAY 2 SCORES'!F39 -> 0 | AG38: ='DAY 1 SCORES'!G39 -> 0 | AH38: ='DAY 2 SCORES'!G39 -> 0 | AI38: =SUM(AG38:AH38) -> 0 | AJ38: ='DAY 1 SCORES'!H39 -> 120 | AK38: ='DAY 2 SCORES'!H39 -> 120 | AL38: =SUM(AJ38:AK38) -> 240
A39: =IF(B39="", "", ROW()-2) | B39: =IF(REGISTRATION!B38="", "", REGISTRATION!B38) | C39: =IF(B39="", "", _xlfn.XLOOKUP(B39, REGISTRATION!B:B, REGISTRATION!C:C, "")) | D39: =IFERROR(INDEX('DAY 1 SCORES'!$E$4:$E$123, MATCH(B39, 'DAY 1 SCORES'!$B$4:$B$123, 0)), "") -> 0 | E39: =SUMIF('DAY 1 SCORES'!$B$4:$B$123, B39, 'DAY 1 SCORES'!$F$4:$F$123) -> 0 | F39: =IFERROR(INDEX('DAY 2 SCORES'!$E$4:$E$123, MATCH(B39, 'DAY 2 SCORES'!$B$4:$B$123, 0)), "") -> 0 | G39: =SUMIF('DAY 2 SCORES'!$B$4:$B$123, B39, 'DAY 2 SCORES'!$F$4:$F$123) -> 0 | H39: =SUMIF('DAY 1 SCORES'!$B$4:$B$123, B39, 'DAY 1 SCORES'!$D$4:$D$123) -> 0 | I39: =SUMIF('DAY 2 SCORES'!$B$4:$B$123, B39, 'DAY 2 SCORES'!$D$4:$D$123) -> 0 | J39: =H39+I39 -> 0 | K39: =SUMIF('DAY 1 SCORES'!$B$4:$B$123, B39, 'DAY 1 SCORES'!$H$4:$H$123) -> 14400 | L39: =SUMIF('DAY 2 SCORES'!$B$4:$B$123, B39, 'DAY 2 SCORES'!$H$4:$H$123) -> 14400 | M39: =IF(OR(B39="", B39=0), 999, SUM(K39:L39)) -> 999 | AB39: =REGISTRATION!C38 | AC39: ='DAY 1 SCORES'!E40 -> 0 | AD39: ='DAY 1 SCORES'!F40 -> 0 | AE39: ='DAY 2 SCORES'!E40 -> 0 | AF39: ='DAY 2 SCORES'!F40 -> 0 | AG39: ='DAY 1 SCORES'!G40 -> 0 | AH39: ='DAY 2 SCORES'!G40 -> 0 | AI39: =SUM(AG39:AH39) -> 0 | AJ39: ='DAY 1 SCORES'!H40 -> 120 | AK39: ='DAY 2 SCORES'!H40 -> 120 | AL39: =SUM(AJ39:AK39) -> 240
A40: =IF(B40="", "", ROW()-2) | B40: =IF(REGISTRATION!B39="", "", REGISTRATION!B39) | C40: =IF(B40="", "", _xlfn.XLOOKUP(B40, REGISTRATION!B:B, REGISTRATION!C:C, "")) | D40: =IFERROR(INDEX('DAY 1 SCORES'!$E$4:$E$123, MATCH(B40, 'DAY 1 SCORES'!$B$4:$B$123, 0)), "") -> 0 | E40: =SUMIF('DAY 1 SCORES'!$B$4:$B$123, B40, 'DAY 1 SCORES'!$F$4:$F$123) -> 0 | F40: =IFERROR(INDEX('DAY 2 SCORES'!$E$4:$E$123, MATCH(B40, 'DAY 2 SCORES'!$B$4:$B$123, 0)), "") -> 0 | G40: =SUMIF('DAY 2 SCORES'!$B$4:$B$123, B40, 'DAY 2 SCORES'!$F$4:$F$123) -> 0 | H40: =SUMIF('DAY 1 SCORES'!$B$4:$B$123, B40, 'DAY 1 SCORES'!$D$4:$D$123) -> 0 | I40: =SUMIF('DAY 2 SCORES'!$B$4:$B$123, B40, 'DAY 2 SCORES'!$D$4:$D$123) -> 0 | J40: =H40+I40 -> 0 | K40: =SUMIF('DAY 1 SCORES'!$B$4:$B$123, B40, 'DAY 1 SCORES'!$H$4:$H$123) -> 14400 | L40: =SUMIF('DAY 2 SCORES'!$B$4:$B$123, B40, 'DAY 2 SCORES'!$H$4:$H$123) -> 14400 | M40: =IF(OR(B40="", B40=0), 999, SUM(K40:L40)) -> 999 | AB40: =REGISTRATION!C39 | AC40: ='DAY 1 SCORES'!E41 -> 0 | AD40: ='DAY 1 SCORES'!F41 -> 0 | AE40: ='DAY 2 SCORES'!E41 -> 0 | AF40: ='DAY 2 SCORES'!F41 -> 0 | AG40: ='DAY 1 SCORES'!G41 -> 0 | AH40: ='DAY 2 SCORES'!G41 -> 0 | AI40: =SUM(AG40:AH40) -> 0 | AJ40: ='DAY 1 SCORES'!H41 -> 120 | AK40: ='DAY 2 SCORES'!H41 -> 120 | AL40: =SUM(AJ40:AK40) -> 240
A41: =IF(B41="", "", ROW()-2) | B41: =IF(REGISTRATION!B40="", "", REGISTRATION!B40) | C41: =IF(B41="", "", _xlfn.XLOOKUP(B41, REGISTRATION!B:B, REGISTRATION!C:C, "")) | D41: =IFERROR(INDEX('DAY 1 SCORES'!$E$4:$E$123, MATCH(B41, 'DAY 1 SCORES'!$B$4:$B$123, 0)), "") -> 0 | E41: =SUMIF('DAY 1 SCORES'!$B$4:$B$123, B41, 'DAY 1 SCORES'!$F$4:$F$123) -> 0 | F41: =IFERROR(INDEX('DAY 2 SCORES'!$E$4:$E$123, MATCH(B41, 'DAY 2 SCORES'!$B$4:$B$123, 0)), "") -> 0 | G41: =SUMIF('DAY 2 SCORES'!$B$4:$B$123, B41, 'DAY 2 SCORES'!$F$4:$F$123) -> 0 | H41: =SUMIF('DAY 1 SCORES'!$B$4:$B$123, B41, 'DAY 1 SCORES'!$D$4:$D$123) -> 0 | I41: =SUMIF('DAY 2 SCORES'!$B$4:$B$123, B41, 'DAY 2 SCORES'!$D$4:$D$123) -> 0 | J41: =H41+I41 -> 0 | K41: =SUMIF('DAY 1 SCORES'!$B$4:$B$123, B41, 'DAY 1 SCORES'!$H$4:$H$123) -> 14400 | L41: =SUMIF('DAY 2 SCORES'!$B$4:$B$123, B41, 'DAY 2 SCORES'!$H$4:$H$123) -> 14400 | M41: =IF(OR(B41="", B41=0), 999, SUM(K41:L41)) -> 999 | AB41: =REGISTRATION!C40 | AC41: ='DAY 1 SCORES'!E42 -> 0 | AD41: ='DAY 1 SCORES'!F42 -> 0 | AE41: ='DAY 2 SCORES'!E42 -> 0 | AF41: ='DAY 2 SCORES'!F42 -> 0 | AG41: ='DAY 1 SCORES'!G42 -> 0 | AH41: ='DAY 2 SCORES'!G42 -> 0 | AI41: =SUM(AG41:AH41) -> 0 | AJ41: ='DAY 1 SCORES'!H42 -> 120 | AK41: ='DAY 2 SCORES'!H42 -> 120 | AL41: =SUM(AJ41:AK41) -> 240
A42: =IF(B42="", "", ROW()-2) | B42: =IF(REGISTRATION!B41="", "", REGISTRATION!B41) | C42: =IF(B42="", "", _xlfn.XLOOKUP(B42, REGISTRATION!B:B, REGISTRATION!C:C, "")) | D42: =IFERROR(INDEX('DAY 1 SCORES'!$E$4:$E$123, MATCH(B42, 'DAY 1 SCORES'!$B$4:$B$123, 0)), "") -> 0 | E42: =SUMIF('DAY 1 SCORES'!$B$4:$B$123, B42, 'DAY 1 SCORES'!$F$4:$F$123) -> 0 | F42: =IFERROR(INDEX('DAY 2 SCORES'!$E$4:$E$123, MATCH(B42, 'DAY 2 SCORES'!$B$4:$B$123, 0)), "") -> 0 | G42: =SUMIF('DAY 2 SCORES'!$B$4:$B$123, B42, 'DAY 2 SCORES'!$F$4:$F$123) -> 0 | H42: =SUMIF('DAY 1 SCORES'!$B$4:$B$123, B42, 'DAY 1 SCORES'!$D$4:$D$123) -> 0 | I42: =SUMIF('DAY 2 SCORES'!$B$4:$B$123, B42, 'DAY 2 SCORES'!$D$4:$D$123) -> 0 | J42: =H42+I42 -> 0 | K42: =SUMIF('DAY 1 SCORES'!$B$4:$B$123, B42, 'DAY 1 SCORES'!$H$4:$H$123) -> 14400 | L42: =SUMIF('DAY 2 SCORES'!$B$4:$B$123, B42, 'DAY 2 SCORES'!$H$4:$H$123) -> 14400 | M42: =IF(OR(B42="", B42=0), 999, SUM(K42:L42)) -> 999 | AB42: =REGISTRATION!C41 | AC42: ='DAY 1 SCORES'!E43 -> 0 | AD42: ='DAY 1 SCORES'!F43 -> 0 | AE42: ='DAY 2 SCORES'!E43 -> 0 | AF42: ='DAY 2 SCORES'!F43 -> 0 | AG42: ='DAY 1 SCORES'!G43 -> 0 | AH42: ='DAY 2 SCORES'!G43 -> 0 | AI42: =SUM(AG42:AH42) -> 0 | AJ42: ='DAY 1 SCORES'!H43 -> 120 | AK42: ='DAY 2 SCORES'!H43 -> 120 | AL42: =SUM(AJ42:AK42) -> 240
A43: =IF(B43="", "", ROW()-2) | B43: =IF(REGISTRATION!B42="", "", REGISTRATION!B42) | C43: =IF(B43="", "", _xlfn.XLOOKUP(B43, REGISTRATION!B:B, REGISTRATION!C:C, "")) | D43: =IFERROR(INDEX('DAY 1 SCORES'!$E$4:$E$123, MATCH(B43, 'DAY 1 SCORES'!$B$4:$B$123, 0)), "") -> 0 | E43: =SUMIF('DAY 1 SCORES'!$B$4:$B$123, B43, 'DAY 1 SCORES'!$F$4:$F$123) -> 0 | F43: =IFERROR(INDEX('DAY 2 SCORES'!$E$4:$E$123, MATCH(B43, 'DAY 2 SCORES'!$B$4:$B$123, 0)), "") -> 0 | G43: =SUMIF('DAY 2 SCORES'!$B$4:$B$123, B43, 'DAY 2 SCORES'!$F$4:$F$123) -> 0 | H43: =SUMIF('DAY 1 SCORES'!$B$4:$B$123, B43, 'DAY 1 SCORES'!$D$4:$D$123) -> 0 | I43: =SUMIF('DAY 2 SCORES'!$B$4:$B$123, B43, 'DAY 2 SCORES'!$D$4:$D$123) -> 0 | J43: =H43+I43 -> 0 | K43: =SUMIF('DAY 1 SCORES'!$B$4:$B$123, B43, 'DAY 1 SCORES'!$H$4:$H$123) -> 14400 | L43: =SUMIF('DAY 2 SCORES'!$B$4:$B$123, B43, 'DAY 2 SCORES'!$H$4:$H$123) -> 14400 | M43: =IF(OR(B43="", B43=0), 999, SUM(K43:L43)) -> 999 | AB43: =REGISTRATION!C42 | AC43: ='DAY 1 SCORES'!E44 -> 0 | AD43: ='DAY 1 SCORES'!F44 -> 0 | AE43: ='DAY 2 SCORES'!E44 -> 0 | AF43: ='DAY 2 SCORES'!F44 -> 0 | AG43: ='DAY 1 SCORES'!G44 -> 0 | AH43: ='DAY 2 SCORES'!G44 -> 0 | AI43: =SUM(AG43:AH43) -> 0 | AJ43: ='DAY 1 SCORES'!H44 -> 120 | AK43: ='DAY 2 SCORES'!H44 -> 120 | AL43: =SUM(AJ43:AK43) -> 240
A44: =IF(B44="", "", ROW()-2) | B44: =IF(REGISTRATION!B43="", "", REGISTRATION!B43) | C44: =IF(B44="", "", _xlfn.XLOOKUP(B44, REGISTRATION!B:B, REGISTRATION!C:C, "")) | D44: =IFERROR(INDEX('DAY 1 SCORES'!$E$4:$E$123, MATCH(B44, 'DAY 1 SCORES'!$B$4:$B$123, 0)), "") -> 0 | E44: =SUMIF('DAY 1 SCORES'!$B$4:$B$123, B44, 'DAY 1 SCORES'!$F$4:$F$123) -> 0 | F44: =IFERROR(INDEX('DAY 2 SCORES'!$E$4:$E$123, MATCH(B44, 'DAY 2 SCORES'!$B$4:$B$123, 0)), "") -> 0 | G44: =SUMIF('DAY 2 SCORES'!$B$4:$B$123, B44, 'DAY 2 SCORES'!$F$4:$F$123) -> 0 | H44: =SUMIF('DAY 1 SCORES'!$B$4:$B$123, B44, 'DAY 1 SCORES'!$D$4:$D$123) -> 0 | I44: =SUMIF('DAY 2 SCORES'!$B$4:$B$123, B44, 'DAY 2 SCORES'!$D$4:$D$123) -> 0 | J44: =H44+I44 -> 0 | K44: =SUMIF('DAY 1 SCORES'!$B$4:$B$123, B44, 'DAY 1 SCORES'!$H$4:$H$123) -> 14400 | L44: =SUMIF('DAY 2 SCORES'!$B$4:$B$123, B44, 'DAY 2 SCORES'!$H$4:$H$123) -> 14400 | M44: =IF(OR(B44="", B44=0), 999, SUM(K44:L44)) -> 999 | AB44: =REGISTRATION!C43 | AC44: ='DAY 1 SCORES'!E45 -> 0 | AD44: ='DAY 1 SCORES'!F45 -> 0 | AE44: ='DAY 2 SCORES'!E45 -> 0 | AF44: ='DAY 2 SCORES'!F45 -> 0 | AG44: ='DAY 1 SCORES'!G45 -> 0 | AH44: ='DAY 2 SCORES'!G45 -> 0 | AI44: =SUM(AG44:AH44) -> 0 | AJ44: ='DAY 1 SCORES'!H45 -> 120 | AK44: ='DAY 2 SCORES'!H45 -> 120 | AL44: =SUM(AJ44:AK44) -> 240
A45: =IF(B45="", "", ROW()-2) | B45: =IF(REGISTRATION!B44="", "", REGISTRATION!B44) | C45: =IF(B45="", "", _xlfn.XLOOKUP(B45, REGISTRATION!B:B, REGISTRATION!C:C, "")) | D45: =IFERROR(INDEX('DAY 1 SCORES'!$E$4:$E$123, MATCH(B45, 'DAY 1 SCORES'!$B$4:$B$123, 0)), "") -> 0 | E45: =SUMIF('DAY 1 SCORES'!$B$4:$B$123, B45, 'DAY 1 SCORES'!$F$4:$F$123) -> 0 | F45: =IFERROR(INDEX('DAY 2 SCORES'!$E$4:$E$123, MATCH(B45, 'DAY 2 SCORES'!$B$4:$B$123, 0)), "") -> 0 | G45: =SUMIF('DAY 2 SCORES'!$B$4:$B$123, B45, 'DAY 2 SCORES'!$F$4:$F$123) -> 0 | H45: =SUMIF('DAY 1 SCORES'!$B$4:$B$123, B45, 'DAY 1 SCORES'!$D$4:$D$123) -> 0 | I45: =SUMIF('DAY 2 SCORES'!$B$4:$B$123, B45, 'DAY 2 SCORES'!$D$4:$D$123) -> 0 | J45: =H45+I45 -> 0 | K45: =SUMIF('DAY 1 SCORES'!$B$4:$B$123, B45, 'DAY 1 SCORES'!$H$4:$H$123) -> 14400 | L45: =SUMIF('DAY 2 SCORES'!$B$4:$B$123, B45, 'DAY 2 SCORES'!$H$4:$H$123) -> 14400 | M45: =IF(OR(B45="", B45=0), 999, SUM(K45:L45)) -> 999 | AB45: =REGISTRATION!C44 | AC45: ='DAY 1 SCORES'!E46 -> 0 | AD45: ='DAY 1 SCORES'!F46 -> 0 | AE45: ='DAY 2 SCORES'!E46 -> 0 | AF45: ='DAY 2 SCORES'!F46 -> 0 | AG45: ='DAY 1 SCORES'!G46 -> 0 | AH45: ='DAY 2 SCORES'!G46 -> 0 | AI45: =SUM(AG45:AH45) -> 0 | AJ45: ='DAY 1 SCORES'!H46 -> 120 | AK45: ='DAY 2 SCORES'!H46 -> 120 | AL45: =SUM(AJ45:AK45) -> 240
A46: =IF(B46="", "", ROW()-2) | B46: =IF(REGISTRATION!B45="", "", REGISTRATION!B45) | C46: =IF(B46="", "", _xlfn.XLOOKUP(B46, REGISTRATION!B:B, REGISTRATION!C:C, "")) | D46: =IFERROR(INDEX('DAY 1 SCORES'!$E$4:$E$123, MATCH(B46, 'DAY 1 SCORES'!$B$4:$B$123, 0)), "") -> 0 | E46: =SUMIF('DAY 1 SCORES'!$B$4:$B$123, B46, 'DAY 1 SCORES'!$F$4:$F$123) -> 0 | F46: =IFERROR(INDEX('DAY 2 SCORES'!$E$4:$E$123, MATCH(B46, 'DAY 2 SCORES'!$B$4:$B$123, 0)), "") -> 0 | G46: =SUMIF('DAY 2 SCORES'!$B$4:$B$123, B46, 'DAY 2 SCORES'!$F$4:$F$123) -> 0 | H46: =SUMIF('DAY 1 SCORES'!$B$4:$B$123, B46, 'DAY 1 SCORES'!$D$4:$D$123) -> 0 | I46: =SUMIF('DAY 2 SCORES'!$B$4:$B$123, B46, 'DAY 2 SCORES'!$D$4:$D$123) -> 0 | J46: =H46+I46 -> 0 | K46: =SUMIF('DAY 1 SCORES'!$B$4:$B$123, B46, 'DAY 1 SCORES'!$H$4:$H$123) -> 14400 | L46: =SUMIF('DAY 2 SCORES'!$B$4:$B$123, B46, 'DAY 2 SCORES'!$H$4:$H$123) -> 14400 | M46: =IF(OR(B46="", B46=0), 999, SUM(K46:L46)) -> 999 | AB46: =REGISTRATION!C45 | AC46: ='DAY 1 SCORES'!E47 -> 0 | AD46: ='DAY 1 SCORES'!F47 -> 0 | AE46: ='DAY 2 SCORES'!E47 -> 0 | AF46: ='DAY 2 SCORES'!F47 -> 0 | AG46: ='DAY 1 SCORES'!G47 -> 0 | AH46: ='DAY 2 SCORES'!G47 -> 0 | AI46: =SUM(AG46:AH46) -> 0 | AJ46: ='DAY 1 SCORES'!H47 -> 120 | AK46: ='DAY 2 SCORES'!H47 -> 120 | AL46: =SUM(AJ46:AK46) -> 240
... A121: =IF(B121="", "", ROW()-2) | B121: =IF(REGISTRATION!B120="", "", REGISTRATION!B120) | C121: =IF(B121="", "", _xlfn.XLOOKUP(B121, REGISTRATION!B:B, REGISTRATION!C:C, "")) | D121: =IFERROR(INDEX('DAY 1 SCORES'!$E$4:$E$123, MATCH(B121, 'DAY 1 SCORES'!$B$4:$B$123, 0)), "") -> 0 | E121: =SUMIF('DAY 1 SCORES'!$B$4:$B$123, B121, 'DAY 1 SCORES'!$F$4:$F$123) -> 0 | F121: =IFERROR(INDEX('DAY 2 SCORES'!$E$4:$E$123, MATCH(B121, 'DAY 2 SCORES'!$B$4:$B$123, 0)), "") -> 0 | G121: =SUMIF('DAY 2 SCORES'!$B$4:$B$123, B121, 'DAY 2 SCORES'!$F$4:$F$123) -> 0 | H121: =SUMIF('DAY 1 SCORES'!$B$4:$B$123, B121, 'DAY 1 SCORES'!$D$4:$D$123) -> 0 | I121: =SUMIF('DAY 2 SCORES'!$B$4:$B$123, B121, 'DAY 2 SCORES'!$D$4:$D$123) -> 0 | J121: =H121+I121 -> 0 | K121: =SUMIF('DAY 1 SCORES'!$B$4:$B$123, B121, 'DAY 1 SCORES'!$H$4:$H$123) -> 14400 | L121: =SUMIF('DAY 2 SCORES'!$B$4:$B$123, B121, 'DAY 2 SCORES'!$H$4:$H$123) -> 14400 | M121: =IF(OR(B121="", B121=0), 999, SUM(K121:L121)) -> 999 | AB121: =REGISTRATION!C120 | AC121: ='DAY 1 SCORES'!E122 -> 0 | AD121: ='DAY 1 SCORES'!F122 -> 0 | AE121: ='DAY 2 SCORES'!E122 -> 0 | AF121: ='DAY 2 SCORES'!F122 -> 0 | AG121: ='DAY 1 SCORES'!G122 -> 0 | AH121: ='DAY 2 SCORES'!G122 -> 0 | AI121: =SUM(AG121:AH121) -> 0 | AJ121: ='DAY 1 SCORES'!H122 -> 120 | AK121: ='DAY 2 SCORES'!H122 -> 120 | AL121: =SUM(AJ121:AK121) -> 240

Sheet INDIVIDUAL RESULT
A1: RANKING LOGIC: 1st: Lowest Zone Total
A2: TIE-BREAK KEY/ORDER: L = Total Length (cm) | N = Total Number of Fish | B = Overall Biggest Fish | S = Total Daily Species Variety
A3: Note: Species Variety is the sum of unique species caught each day (e.g., 2 species Day 1 + 3 species Day 2 = 5 points).
A4: RANK | B4: NAME | C4: TEAM | D4: ZONE TOTAL | E4: TIE-BREAKERS | F4: D1 PTS | G4: D2 PTS | H4: TOTAL LENGTH | I4: TOTAL FISH | J4: BIGGEST FISH | K4: TOTAL SPECIES | L4: MASTER SCORE
A5: =IF(B5="", "", RANK(L5, $L$5:$L$124, 1)) | B5: =IF(REGISTRATION!$B10="", "", REGISTRATION!$B10) | C5: =IF(B5="", "", REGISTRATION!$C10) | D5: =F5 + G5 -> 240 | E5: =IF($B5="", "", H5 & " / " & I5 & " / " & J5 & " / " & K5) | F5: =IFERROR(VLOOKUP($B5, 'DAY 1 SCORES'!$B:$H, 7, FALSE), 0) -> 120 | G5: =IFERROR(VLOOKUP($B5, 'DAY 2 SCORES'!$B:$H, 7, FALSE), 0) -> 120 | H5: =IFERROR(VLOOKUP($B5, 'DAY 1 SCORES'!$B:$D, 3, FALSE), 0) + IFERROR(VLOOKUP($B5, 'DAY 2 SCORES'!$B:$D, 3, FALSE), 0) -> 0 | I5: =IFERROR(VLOOKUP($B5, 'DAY 1 SCORES'!$B:$F, 5, FALSE), 0) + IFERROR(VLOOKUP($B5, 'DAY 2 SCORES'!$B:$F, 5, FALSE), 0) -> 0 | J5: =MAX(IFERROR(VLOOKUP($B5, 'DAY 1 SCORES'!$B:$G, 6, FALSE), 0), IFERROR(VLOOKUP($B5, 'DAY 2 SCORES'!$B:$G, 6, FALSE), 0)) -> 0 | K5: =IFERROR(VLOOKUP($B5, 'DAY 1 SCORES'!$B:$E, 4, FALSE), 0) + IFERROR(VLOOKUP($B5, 'DAY 2 SCORES'!$B:$E, 4, FALSE), 0) -> 0 | L5: =IF(B5="", 999, D5 - (H5/10000) - (I5/1000000) - (J5/100000000) - (K5/10000000000)) -> 999
A6: =IF(B6="", "", RANK(L6, $L$5:$L$124, 1)) | B6: =IF(REGISTRATION!$B17="", "", REGISTRATION!$B17) | C6: =IF(B6="", "", REGISTRATION!$C17) | D6: =F6 + G6 -> 240 | E6: =IF($B6="", "", H6 & " / " & I6 & " / " & J6 & " / " & K6) | F6: =IFERROR(VLOOKUP($B6, 'DAY 1 SCORES'!$B:$H, 7, FALSE), 0) -> 120 | G6: =IFERROR(VLOOKUP($B6, 'DAY 2 SCORES'!$B:$H, 7, FALSE), 0) -> 120 | H6: =IFERROR(VLOOKUP($B6, 'DAY 1 SCORES'!$B:$D, 3, FALSE), 0) + IFERROR(VLOOKUP($B6, 'DAY 2 SCORES'!$B:$D, 3, FALSE), 0) -> 0 | I6: =IFERROR(VLOOKUP($B6, 'DAY 1 SCORES'!$B:$F, 5, FALSE), 0) + IFERROR(VLOOKUP($B6, 'DAY 2 SCORES'!$B:$F, 5, FALSE), 0) -> 0 | J6: =MAX(IFERROR(VLOOKUP($B6, 'DAY 1 SCORES'!$B:$G, 6, FALSE), 0), IFERROR(VLOOKUP($B6, 'DAY 2 SCORES'!$B:$G, 6, FALSE), 0)) -> 0 | K6: =IFERROR(VLOOKUP($B6, 'DAY 1 SCORES'!$B:$E, 4, FALSE), 0) + IFERROR(VLOOKUP($B6, 'DAY 2 SCORES'!$B:$E, 4, FALSE), 0) -> 0 | L6: =IF(B6="", 999, D6 - (H6/10000) - (I6/1000000) - (J6/100000000) - (K6/10000000000)) -> 999
A7: =IF(B7="", "", RANK(L7, $L$5:$L$124, 1)) | B7: =IF(REGISTRATION!$B15="", "", REGISTRATION!$B15) | C7: =IF(B7="", "", REGISTRATION!$C15) | D7: =F7 + G7 -> 240 | E7: =IF($B7="", "", H7 & " / " & I7 & " / " & J7 & " / " & K7) | F7: =IFERROR(VLOOKUP($B7, 'DAY 1 SCORES'!$B:$H, 7, FALSE), 0) -> 120 | G7: =IFERROR(VLOOKUP($B7, 'DAY 2 SCORES'!$B:$H, 7, FALSE), 0) -> 120 | H7: =IFERROR(VLOOKUP($B7, 'DAY 1 SCORES'!$B:$D, 3, FALSE), 0) + IFERROR(VLOOKUP($B7, 'DAY 2 SCORES'!$B:$D, 3, FALSE), 0) -> 0 | I7: =IFERROR(VLOOKUP($B7, 'DAY 1 SCORES'!$B:$F, 5, FALSE), 0) + IFERROR(VLOOKUP($B7, 'DAY 2 SCORES'!$B:$F, 5, FALSE), 0) -> 0 | J7: =MAX(IFERROR(VLOOKUP($B7, 'DAY 1 SCORES'!$B:$G, 6, FALSE), 0), IFERROR(VLOOKUP($B7, 'DAY 2 SCORES'!$B:$G, 6, FALSE), 0)) -> 0 | K7: =IFERROR(VLOOKUP($B7, 'DAY 1 SCORES'!$B:$E, 4, FALSE), 0) + IFERROR(VLOOKUP($B7, 'DAY 2 SCORES'!$B:$E, 4, FALSE), 0) -> 0 | L7: =IF(B7="", 999, D7 - (H7/10000) - (I7/1000000) - (J7/100000000) - (K7/10000000000)) -> 999
A8: =IF(B8="", "", RANK(L8, $L$5:$L$124, 1)) | B8: =IF(REGISTRATION!$B51="", "", REGISTRATION!$B51) | C8: =IF(B8="", "", REGISTRATION!$C51) | D8: =F8 + G8 -> 240 | E8: =IF($B8="", "", H8 & " / " & I8 & " / " & J8 & " / " & K8) | F8: =IFERROR(VLOOKUP($B8, 'DAY 1 SCORES'!$B:$H, 7, FALSE), 0) -> 120 | G8: =IFERROR(VLOOKUP($B8, 'DAY 2 SCORES'!$B:$H, 7, FALSE), 0) -> 120 | H8: =IFERROR(VLOOKUP($B8, 'DAY 1 SCORES'!$B:$D, 3, FALSE), 0) + IFERROR(VLOOKUP($B8, 'DAY 2 SCORES'!$B:$D, 3, FALSE), 0) -> 0 | I8: =IFERROR(VLOOKUP($B8, 'DAY 1 SCORES'!$B:$F, 5, FALSE), 0) + IFERROR(VLOOKUP($B8, 'DAY 2 SCORES'!$B:$F, 5, FALSE), 0) -> 0 | J8: =MAX(IFERROR(VLOOKUP($B8, 'DAY 1 SCORES'!$B:$G, 6, FALSE), 0), IFERROR(VLOOKUP($B8, 'DAY 2 SCORES'!$B:$G, 6, FALSE), 0)) -> 0 | K8: =IFERROR(VLOOKUP($B8, 'DAY 1 SCORES'!$B:$E, 4, FALSE), 0) + IFERROR(VLOOKUP($B8, 'DAY 2 SCORES'!$B:$E, 4, FALSE), 0) -> 0 | L8: =IF(B8="", 999, D8 - (H8/10000) - (I8/1000000) - (J8/100000000) - (K8/10000000000)) -> 999
A9: =IF(B9="", "", RANK(L9, $L$5:$L$124, 1)) | B9: =IF(REGISTRATION!$B30="", "", REGISTRATION!$B30) | C9: =IF(B9="", "", REGISTRATION!$C30) | D9: =F9 + G9 -> 240 | E9: =IF($B9="", "", H9 & " / " & I9 & " / " & J9 & " / " & K9) | F9: =IFERROR(VLOOKUP($B9, 'DAY 1 SCORES'!$B:$H, 7, FALSE), 0) -> 120 | G9: =IFERROR(VLOOKUP($B9, 'DAY 2 SCORES'!$B:$H, 7, FALSE), 0) -> 120 | H9: =IFERROR(VLOOKUP($B9, 'DAY 1 SCORES'!$B:$D, 3, FALSE), 0) + IFERROR(VLOOKUP($B9, 'DAY 2 SCORES'!$B:$D, 3, FALSE), 0) -> 0 | I9: =IFERROR(VLOOKUP($B9, 'DAY 1 SCORES'!$B:$F, 5, FALSE), 0) + IFERROR(VLOOKUP($B9, 'DAY 2 SCORES'!$B:$F, 5, FALSE), 0) -> 0 | J9: =MAX(IFERROR(VLOOKUP($B9, 'DAY 1 SCORES'!$B:$G, 6, FALSE), 0), IFERROR(VLOOKUP($B9, 'DAY 2 SCORES'!$B:$G, 6, FALSE), 0)) -> 0 | K9: =IFERROR(VLOOKUP($B9, 'DAY 1 SCORES'!$B:$E, 4, FALSE), 0) + IFERROR(VLOOKUP($B9, 'DAY 2 SCORES'!$B:$E, 4, FALSE), 0) -> 0 | L9: =IF(B9="", 999, D9 - (H9/10000) - (I9/1000000) - (J9/100000000) - (K9/10000000000)) -> 999
A10: =IF(B10="", "", RANK(L10, $L$5:$L$124, 1)) | B10: =IF(REGISTRATION!$B60="", "", REGISTRATION!$B60) | C10: =IF(B10="", "", REGISTRATION!$C60) | D10: =F10 + G10 -> 240 | E10: =IF($B10="", "", H10 & " / " & I10 & " / " & J10 & " / " & K10) | F10: =IFERROR(VLOOKUP($B10, 'DAY 1 SCORES'!$B:$H, 7, FALSE), 0) -> 120 | G10: =IFERROR(VLOOKUP($B10, 'DAY 2 SCORES'!$B:$H, 7, FALSE), 0) -> 120 | H10: =IFERROR(VLOOKUP($B10, 'DAY 1 SCORES'!$B:$D, 3, FALSE), 0) + IFERROR(VLOOKUP($B10, 'DAY 2 SCORES'!$B:$D, 3, FALSE), 0) -> 0 | I10: =IFERROR(VLOOKUP($B10, 'DAY 1 SCORES'!$B:$F, 5, FALSE), 0) + IFERROR(VLOOKUP($B10, 'DAY 2 SCORES'!$B:$F, 5, FALSE), 0) -> 0 | J10: =MAX(IFERROR(VLOOKUP($B10, 'DAY 1 SCORES'!$B:$G, 6, FALSE), 0), IFERROR(VLOOKUP($B10, 'DAY 2 SCORES'!$B:$G, 6, FALSE), 0)) -> 0 | K10: =IFERROR(VLOOKUP($B10, 'DAY 1 SCORES'!$B:$E, 4, FALSE), 0) + IFERROR(VLOOKUP($B10, 'DAY 2 SCORES'!$B:$E, 4, FALSE), 0) -> 0 | L10: =IF(B10="", 999, D10 - (H10/10000) - (I10/1000000) - (J10/100000000) - (K10/10000000000)) -> 999
A11: =IF(B11="", "", RANK(L11, $L$5:$L$124, 1)) | B11: =IF(REGISTRATION!$B16="", "", REGISTRATION!$B16) | C11: =IF(B11="", "", REGISTRATION!$C16) | D11: =F11 + G11 -> 240 | E11: =IF($B11="", "", H11 & " / " & I11 & " / " & J11 & " / " & K11) | F11: =IFERROR(VLOOKUP($B11, 'DAY 1 SCORES'!$B:$H, 7, FALSE), 0) -> 120 | G11: =IFERROR(VLOOKUP($B11, 'DAY 2 SCORES'!$B:$H, 7, FALSE), 0) -> 120 | H11: =IFERROR(VLOOKUP($B11, 'DAY 1 SCORES'!$B:$D, 3, FALSE), 0) + IFERROR(VLOOKUP($B11, 'DAY 2 SCORES'!$B:$D, 3, FALSE), 0) -> 0 | I11: =IFERROR(VLOOKUP($B11, 'DAY 1 SCORES'!$B:$F, 5, FALSE), 0) + IFERROR(VLOOKUP($B11, 'DAY 2 SCORES'!$B:$F, 5, FALSE), 0) -> 0 | J11: =MAX(IFERROR(VLOOKUP($B11, 'DAY 1 SCORES'!$B:$G, 6, FALSE), 0), IFERROR(VLOOKUP($B11, 'DAY 2 SCORES'!$B:$G, 6, FALSE), 0)) -> 0 | K11: =IFERROR(VLOOKUP($B11, 'DAY 1 SCORES'!$B:$E, 4, FALSE), 0) + IFERROR(VLOOKUP($B11, 'DAY 2 SCORES'!$B:$E, 4, FALSE), 0) -> 0 | L11: =IF(B11="", 999, D11 - (H11/10000) - (I11/1000000) - (J11/100000000) - (K11/10000000000)) -> 999
A12: =IF(B12="", "", RANK(L12, $L$5:$L$124, 1)) | B12: =IF(REGISTRATION!$B24="", "", REGISTRATION!$B24) | C12: =IF(B12="", "", REGISTRATION!$C24) | D12: =F12 + G12 -> 240 | E12: =IF($B12="", "", H12 & " / " & I12 & " / " & J12 & " / " & K12) | F12: =IFERROR(VLOOKUP($B12, 'DAY 1 SCORES'!$B:$H, 7, FALSE), 0) -> 120 | G12: =IFERROR(VLOOKUP($B12, 'DAY 2 SCORES'!$B:$H, 7, FALSE), 0) -> 120 | H12: =IFERROR(VLOOKUP($B12, 'DAY 1 SCORES'!$B:$D, 3, FALSE), 0) + IFERROR(VLOOKUP($B12, 'DAY 2 SCORES'!$B:$D, 3, FALSE), 0) -> 0 | I12: =IFERROR(VLOOKUP($B12, 'DAY 1 SCORES'!$B:$F, 5, FALSE), 0) + IFERROR(VLOOKUP($B12, 'DAY 2 SCORES'!$B:$F, 5, FALSE), 0) -> 0 | J12: =MAX(IFERROR(VLOOKUP($B12, 'DAY 1 SCORES'!$B:$G, 6, FALSE), 0), IFERROR(VLOOKUP($B12, 'DAY 2 SCORES'!$B:$G, 6, FALSE), 0)) -> 0 | K12: =IFERROR(VLOOKUP($B12, 'DAY 1 SCORES'!$B:$E, 4, FALSE), 0) + IFERROR(VLOOKUP($B12, 'DAY 2 SCORES'!$B:$E, 4, FALSE), 0) -> 0 | L12: =IF(B12="", 999, D12 - (H12/10000) - (I12/1000000) - (J12/100000000) - (K12/10000000000)) -> 999
A13: =IF(B13="", "", RANK(L13, $L$5:$L$124, 1)) | B13: =IF(REGISTRATION!$B9="", "", REGISTRATION!$B9) | C13: =IF(B13="", "", REGISTRATION!$C9) | D13: =F13 + G13 -> 240 | E13: =IF($B13="", "", H13 & " / " & I13 & " / " & J13 & " / " & K13) | F13: =IFERROR(VLOOKUP($B13, 'DAY 1 SCORES'!$B:$H, 7, FALSE), 0) -> 120 | G13: =IFERROR(VLOOKUP($B13, 'DAY 2 SCORES'!$B:$H, 7, FALSE), 0) -> 120 | H13: =IFERROR(VLOOKUP($B13, 'DAY 1 SCORES'!$B:$D, 3, FALSE), 0) + IFERROR(VLOOKUP($B13, 'DAY 2 SCORES'!$B:$D, 3, FALSE), 0) -> 0 | I13: =IFERROR(VLOOKUP($B13, 'DAY 1 SCORES'!$B:$F, 5, FALSE), 0) + IFERROR(VLOOKUP($B13, 'DAY 2 SCORES'!$B:$F, 5, FALSE), 0) -> 0 | J13: =MAX(IFERROR(VLOOKUP($B13, 'DAY 1 SCORES'!$B:$G, 6, FALSE), 0), IFERROR(VLOOKUP($B13, 'DAY 2 SCORES'!$B:$G, 6, FALSE), 0)) -> 0 | K13: =IFERROR(VLOOKUP($B13, 'DAY 1 SCORES'!$B:$E, 4, FALSE), 0) + IFERROR(VLOOKUP($B13, 'DAY 2 SCORES'!$B:$E, 4, FALSE), 0) -> 0 | L13: =IF(B13="", 999, D13 - (H13/10000) - (I13/1000000) - (J13/100000000) - (K13/10000000000)) -> 999
A14: =IF(B14="", "", RANK(L14, $L$5:$L$124, 1)) | B14: =IF(REGISTRATION!$B14="", "", REGISTRATION!$B14) | C14: =IF(B14="", "", REGISTRATION!$C14) | D14: =F14 + G14 -> 240 | E14: =IF($B14="", "", H14 & " / " & I14 & " / " & J14 & " / " & K14) | F14: =IFERROR(VLOOKUP($B14, 'DAY 1 SCORES'!$B:$H, 7, FALSE), 0) -> 120 | G14: =IFERROR(VLOOKUP($B14, 'DAY 2 SCORES'!$B:$H, 7, FALSE), 0) -> 120 | H14: =IFERROR(VLOOKUP($B14, 'DAY 1 SCORES'!$B:$D, 3, FALSE), 0) + IFERROR(VLOOKUP($B14, 'DAY 2 SCORES'!$B:$D, 3, FALSE), 0) -> 0 | I14: =IFERROR(VLOOKUP($B14, 'DAY 1 SCORES'!$B:$F, 5, FALSE), 0) + IFERROR(VLOOKUP($B14, 'DAY 2 SCORES'!$B:$F, 5, FALSE), 0) -> 0 | J14: =MAX(IFERROR(VLOOKUP($B14, 'DAY 1 SCORES'!$B:$G, 6, FALSE), 0), IFERROR(VLOOKUP($B14, 'DAY 2 SCORES'!$B:$G, 6, FALSE), 0)) -> 0 | K14: =IFERROR(VLOOKUP($B14, 'DAY 1 SCORES'!$B:$E, 4, FALSE), 0) + IFERROR(VLOOKUP($B14, 'DAY 2 SCORES'!$B:$E, 4, FALSE), 0) -> 0 | L14: =IF(B14="", 999, D14 - (H14/10000) - (I14/1000000) - (J14/100000000) - (K14/10000000000)) -> 999
A15: =IF(B15="", "", RANK(L15, $L$5:$L$124, 1)) | B15: =IF(REGISTRATION!$B37="", "", REGISTRATION!$B37) | C15: =IF(B15="", "", REGISTRATION!$C37) | D15: =F15 + G15 -> 240 | E15: =IF($B15="", "", H15 & " / " & I15 & " / " & J15 & " / " & K15) | F15: =IFERROR(VLOOKUP($B15, 'DAY 1 SCORES'!$B:$H, 7, FALSE), 0) -> 120 | G15: =IFERROR(VLOOKUP($B15, 'DAY 2 SCORES'!$B:$H, 7, FALSE), 0) -> 120 | H15: =IFERROR(VLOOKUP($B15, 'DAY 1 SCORES'!$B:$D, 3, FALSE), 0) + IFERROR(VLOOKUP($B15, 'DAY 2 SCORES'!$B:$D, 3, FALSE), 0) -> 0 | I15: =IFERROR(VLOOKUP($B15, 'DAY 1 SCORES'!$B:$F, 5, FALSE), 0) + IFERROR(VLOOKUP($B15, 'DAY 2 SCORES'!$B:$F, 5, FALSE), 0) -> 0 | J15: =MAX(IFERROR(VLOOKUP($B15, 'DAY 1 SCORES'!$B:$G, 6, FALSE), 0), IFERROR(VLOOKUP($B15, 'DAY 2 SCORES'!$B:$G, 6, FALSE), 0)) -> 0 | K15: =IFERROR(VLOOKUP($B15, 'DAY 1 SCORES'!$B:$E, 4, FALSE), 0) + IFERROR(VLOOKUP($B15, 'DAY 2 SCORES'!$B:$E, 4, FALSE), 0) -> 0 | L15: =IF(B15="", 999, D15 - (H15/10000) - (I15/1000000) - (J15/100000000) - (K15/10000000000)) -> 999
A16: =IF(B16="", "", RANK(L16, $L$5:$L$124, 1)) | B16: =IF(REGISTRATION!$B39="", "", REGISTRATION!$B39) | C16: =IF(B16="", "", REGISTRATION!$C39) | D16: =F16 + G16 -> 240 | E16: =IF($B16="", "", H16 & " / " & I16 & " / " & J16 & " / " & K16) | F16: =IFERROR(VLOOKUP($B16, 'DAY 1 SCORES'!$B:$H, 7, FALSE), 0) -> 120 | G16: =IFERROR(VLOOKUP($B16, 'DAY 2 SCORES'!$B:$H, 7, FALSE), 0) -> 120 | H16: =IFERROR(VLOOKUP($B16, 'DAY 1 SCORES'!$B:$D, 3, FALSE), 0) + IFERROR(VLOOKUP($B16, 'DAY 2 SCORES'!$B:$D, 3, FALSE), 0) -> 0 | I16: =IFERROR(VLOOKUP($B16, 'DAY 1 SCORES'!$B:$F, 5, FALSE), 0) + IFERROR(VLOOKUP($B16, 'DAY 2 SCORES'!$B:$F, 5, FALSE), 0) -> 0 | J16: =MAX(IFERROR(VLOOKUP($B16, 'DAY 1 SCORES'!$B:$G, 6, FALSE), 0), IFERROR(VLOOKUP($B16, 'DAY 2 SCORES'!$B:$G, 6, FALSE), 0)) -> 0 | K16: =IFERROR(VLOOKUP($B16, 'DAY 1 SCORES'!$B:$E, 4, FALSE), 0) + IFERROR(VLOOKUP($B16, 'DAY 2 SCORES'!$B:$E, 4, FALSE), 0) -> 0 | L16: =IF(B16="", 999, D16 - (H16/10000) - (I16/1000000) - (J16/100000000) - (K16/10000000000)) -> 999
A17: =IF(B17="", "", RANK(L17, $L$5:$L$124, 1)) | B17: =IF(REGISTRATION!$B5="", "", REGISTRATION!$B5) | C17: =IF(B17="", "", REGISTRATION!$C5) | D17: =F17 + G17 -> 240 | E17: =IF($B17="", "", H17 & " / " & I17 & " / " & J17 & " / " & K17) | F17: =IFERROR(VLOOKUP($B17, 'DAY 1 SCORES'!$B:$H, 7, FALSE), 0) -> 120 | G17: =IFERROR(VLOOKUP($B17, 'DAY 2 SCORES'!$B:$H, 7, FALSE), 0) -> 120 | H17: =IFERROR(VLOOKUP($B17, 'DAY 1 SCORES'!$B:$D, 3, FALSE), 0) + IFERROR(VLOOKUP($B17, 'DAY 2 SCORES'!$B:$D, 3, FALSE), 0) -> 0 | I17: =IFERROR(VLOOKUP($B17, 'DAY 1 SCORES'!$B:$F, 5, FALSE), 0) + IFERROR(VLOOKUP($B17, 'DAY 2 SCORES'!$B:$F, 5, FALSE), 0) -> 0 | J17: =MAX(IFERROR(VLOOKUP($B17, 'DAY 1 SCORES'!$B:$G, 6, FALSE), 0), IFERROR(VLOOKUP($B17, 'DAY 2 SCORES'!$B:$G, 6, FALSE), 0)) -> 0 | K17: =IFERROR(VLOOKUP($B17, 'DAY 1 SCORES'!$B:$E, 4, FALSE), 0) + IFERROR(VLOOKUP($B17, 'DAY 2 SCORES'!$B:$E, 4, FALSE), 0) -> 0 | L17: =IF(B17="", 999, D17 - (H17/10000) - (I17/1000000) - (J17/100000000) - (K17/10000000000)) -> 999
A18: =IF(B18="", "", RANK(L18, $L$5:$L$124, 1)) | B18: =IF(REGISTRATION!$B50="", "", REGISTRATION!$B50) | C18: =IF(B18="", "", REGISTRATION!$C50) | D18: =F18 + G18 -> 240 | E18: =IF($B18="", "", H18 & " / " & I18 & " / " & J18 & " / " & K18) | F18: =IFERROR(VLOOKUP($B18, 'DAY 1 SCORES'!$B:$H, 7, FALSE), 0) -> 120 | G18: =IFERROR(VLOOKUP($B18, 'DAY 2 SCORES'!$B:$H, 7, FALSE), 0) -> 120 | H18: =IFERROR(VLOOKUP($B18, 'DAY 1 SCORES'!$B:$D, 3, FALSE), 0) + IFERROR(VLOOKUP($B18, 'DAY 2 SCORES'!$B:$D, 3, FALSE), 0) -> 0 | I18: =IFERROR(VLOOKUP($B18, 'DAY 1 SCORES'!$B:$F, 5, FALSE), 0) + IFERROR(VLOOKUP($B18, 'DAY 2 SCORES'!$B:$F, 5, FALSE), 0) -> 0 | J18: =MAX(IFERROR(VLOOKUP($B18, 'DAY 1 SCORES'!$B:$G, 6, FALSE), 0), IFERROR(VLOOKUP($B18, 'DAY 2 SCORES'!$B:$G, 6, FALSE), 0)) -> 0 | K18: =IFERROR(VLOOKUP($B18, 'DAY 1 SCORES'!$B:$E, 4, FALSE), 0) + IFERROR(VLOOKUP($B18, 'DAY 2 SCORES'!$B:$E, 4, FALSE), 0) -> 0 | L18: =IF(B18="", 999, D18 - (H18/10000) - (I18/1000000) - (J18/100000000) - (K18/10000000000)) -> 999
A19: =IF(B19="", "", RANK(L19, $L$5:$L$124, 1)) | B19: =IF(REGISTRATION!$B40="", "", REGISTRATION!$B40) | C19: =IF(B19="", "", REGISTRATION!$C40) | D19: =F19 + G19 -> 240 | E19: =IF($B19="", "", H19 & " / " & I19 & " / " & J19 & " / " & K19) | F19: =IFERROR(VLOOKUP($B19, 'DAY 1 SCORES'!$B:$H, 7, FALSE), 0) -> 120 | G19: =IFERROR(VLOOKUP($B19, 'DAY 2 SCORES'!$B:$H, 7, FALSE), 0) -> 120 | H19: =IFERROR(VLOOKUP($B19, 'DAY 1 SCORES'!$B:$D, 3, FALSE), 0) + IFERROR(VLOOKUP($B19, 'DAY 2 SCORES'!$B:$D, 3, FALSE), 0) -> 0 | I19: =IFERROR(VLOOKUP($B19, 'DAY 1 SCORES'!$B:$F, 5, FALSE), 0) + IFERROR(VLOOKUP($B19, 'DAY 2 SCORES'!$B:$F, 5, FALSE), 0) -> 0 | J19: =MAX(IFERROR(VLOOKUP($B19, 'DAY 1 SCORES'!$B:$G, 6, FALSE), 0), IFERROR(VLOOKUP($B19, 'DAY 2 SCORES'!$B:$G, 6, FALSE), 0)) -> 0 | K19: =IFERROR(VLOOKUP($B19, 'DAY 1 SCORES'!$B:$E, 4, FALSE), 0) + IFERROR(VLOOKUP($B19, 'DAY 2 SCORES'!$B:$E, 4, FALSE), 0) -> 0 | L19: =IF(B19="", 999, D19 - (H19/10000) - (I19/1000000) - (J19/100000000) - (K19/10000000000)) -> 999
A20: =IF(B20="", "", RANK(L20, $L$5:$L$124, 1)) | B20: =IF(REGISTRATION!$B33="", "", REGISTRATION!$B33) | C20: =IF(B20="", "", REGISTRATION!$C33) | D20: =F20 + G20 -> 240 | E20: =IF($B20="", "", H20 & " / " & I20 & " / " & J20 & " / " & K20) | F20: =IFERROR(VLOOKUP($B20, 'DAY 1 SCORES'!$B:$H, 7, FALSE), 0) -> 120 | G20: =IFERROR(VLOOKUP($B20, 'DAY 2 SCORES'!$B:$H, 7, FALSE), 0) -> 120 | H20: =IFERROR(VLOOKUP($B20, 'DAY 1 SCORES'!$B:$D, 3, FALSE), 0) + IFERROR(VLOOKUP($B20, 'DAY 2 SCORES'!$B:$D, 3, FALSE), 0) -> 0 | I20: =IFERROR(VLOOKUP($B20, 'DAY 1 SCORES'!$B:$F, 5, FALSE), 0) + IFERROR(VLOOKUP($B20, 'DAY 2 SCORES'!$B:$F, 5, FALSE), 0) -> 0 | J20: =MAX(IFERROR(VLOOKUP($B20, 'DAY 1 SCORES'!$B:$G, 6, FALSE), 0), IFERROR(VLOOKUP($B20, 'DAY 2 SCORES'!$B:$G, 6, FALSE), 0)) -> 0 | K20: =IFERROR(VLOOKUP($B20, 'DAY 1 SCORES'!$B:$E, 4, FALSE), 0) + IFERROR(VLOOKUP($B20, 'DAY 2 SCORES'!$B:$E, 4, FALSE), 0) -> 0 | L20: =IF(B20="", 999, D20 - (H20/10000) - (I20/1000000) - (J20/100000000) - (K20/10000000000)) -> 999
A21: =IF(B21="", "", RANK(L21, $L$5:$L$124, 1)) | B21: =IF(REGISTRATION!$B23="", "", REGISTRATION!$B23) | C21: =IF(B21="", "", REGISTRATION!$C23) | D21: =F21 + G21 -> 240 | E21: =IF($B21="", "", H21 & " / " & I21 & " / " & J21 & " / " & K21) | F21: =IFERROR(VLOOKUP($B21, 'DAY 1 SCORES'!$B:$H, 7, FALSE), 0) -> 120 | G21: =IFERROR(VLOOKUP($B21, 'DAY 2 SCORES'!$B:$H, 7, FALSE), 0) -> 120 | H21: =IFERROR(VLOOKUP($B21, 'DAY 1 SCORES'!$B:$D, 3, FALSE), 0) + IFERROR(VLOOKUP($B21, 'DAY 2 SCORES'!$B:$D, 3, FALSE), 0) -> 0 | I21: =IFERROR(VLOOKUP($B21, 'DAY 1 SCORES'!$B:$F, 5, FALSE), 0) + IFERROR(VLOOKUP($B21, 'DAY 2 SCORES'!$B:$F, 5, FALSE), 0) -> 0 | J21: =MAX(IFERROR(VLOOKUP($B21, 'DAY 1 SCORES'!$B:$G, 6, FALSE), 0), IFERROR(VLOOKUP($B21, 'DAY 2 SCORES'!$B:$G, 6, FALSE), 0)) -> 0 | K21: =IFERROR(VLOOKUP($B21, 'DAY 1 SCORES'!$B:$E, 4, FALSE), 0) + IFERROR(VLOOKUP($B21, 'DAY 2 SCORES'!$B:$E, 4, FALSE), 0) -> 0 | L21: =IF(B21="", 999, D21 - (H21/10000) - (I21/1000000) - (J21/100000000) - (K21/10000000000)) -> 999
A22: =IF(B22="", "", RANK(L22, $L$5:$L$124, 1)) | B22: =IF(REGISTRATION!$B7="", "", REGISTRATION!$B7) | C22: =IF(B22="", "", REGISTRATION!$C7) | D22: =F22 + G22 -> 240 | E22: =IF($B22="", "", H22 & " / " & I22 & " / " & J22 & " / " & K22) | F22: =IFERROR(VLOOKUP($B22, 'DAY 1 SCORES'!$B:$H, 7, FALSE), 0) -> 120 | G22: =IFERROR(VLOOKUP($B22, 'DAY 2 SCORES'!$B:$H, 7, FALSE), 0) -> 120 | H22: =IFERROR(VLOOKUP($B22, 'DAY 1 SCORES'!$B:$D, 3, FALSE), 0) + IFERROR(VLOOKUP($B22, 'DAY 2 SCORES'!$B:$D, 3, FALSE), 0) -> 0 | I22: =IFERROR(VLOOKUP($B22, 'DAY 1 SCORES'!$B:$F, 5, FALSE), 0) + IFERROR(VLOOKUP($B22, 'DAY 2 SCORES'!$B:$F, 5, FALSE), 0) -> 0 | J22: =MAX(IFERROR(VLOOKUP($B22, 'DAY 1 SCORES'!$B:$G, 6, FALSE), 0), IFERROR(VLOOKUP($B22, 'DAY 2 SCORES'!$B:$G, 6, FALSE), 0)) -> 0 | K22: =IFERROR(VLOOKUP($B22, 'DAY 1 SCORES'!$B:$E, 4, FALSE), 0) + IFERROR(VLOOKUP($B22, 'DAY 2 SCORES'!$B:$E, 4, FALSE), 0) -> 0 | L22: =IF(B22="", 999, D22 - (H22/10000) - (I22/1000000) - (J22/100000000) - (K22/10000000000)) -> 999
A23: =IF(B23="", "", RANK(L23, $L$5:$L$124, 1)) | B23: =IF(REGISTRATION!$B48="", "", REGISTRATION!$B48) | C23: =IF(B23="", "", REGISTRATION!$C48) | D23: =F23 + G23 -> 240 | E23: =IF($B23="", "", H23 & " / " & I23 & " / " & J23 & " / " & K23) | F23: =IFERROR(VLOOKUP($B23, 'DAY 1 SCORES'!$B:$H, 7, FALSE), 0) -> 120 | G23: =IFERROR(VLOOKUP($B23, 'DAY 2 SCORES'!$B:$H, 7, FALSE), 0) -> 120 | H23: =IFERROR(VLOOKUP($B23, 'DAY 1 SCORES'!$B:$D, 3, FALSE), 0) + IFERROR(VLOOKUP($B23, 'DAY 2 SCORES'!$B:$D, 3, FALSE), 0) -> 0 | I23: =IFERROR(VLOOKUP($B23, 'DAY 1 SCORES'!$B:$F, 5, FALSE), 0) + IFERROR(VLOOKUP($B23, 'DAY 2 SCORES'!$B:$F, 5, FALSE), 0) -> 0 | J23: =MAX(IFERROR(VLOOKUP($B23, 'DAY 1 SCORES'!$B:$G, 6, FALSE), 0), IFERROR(VLOOKUP($B23, 'DAY 2 SCORES'!$B:$G, 6, FALSE), 0)) -> 0 | K23: =IFERROR(VLOOKUP($B23, 'DAY 1 SCORES'!$B:$E, 4, FALSE), 0) + IFERROR(VLOOKUP($B23, 'DAY 2 SCORES'!$B:$E, 4, FALSE), 0) -> 0 | L23: =IF(B23="", 999, D23 - (H23/10000) - (I23/1000000) - (J23/100000000) - (K23/10000000000)) -> 999
A24: =IF(B24="", "", RANK(L24, $L$5:$L$124, 1)) | B24: =IF(REGISTRATION!$B58="", "", REGISTRATION!$B58) | C24: =IF(B24="", "", REGISTRATION!$C58) | D24: =F24 + G24 -> 240 | E24: =IF($B24="", "", H24 & " / " & I24 & " / " & J24 & " / " & K24) | F24: =IFERROR(VLOOKUP($B24, 'DAY 1 SCORES'!$B:$H, 7, FALSE), 0) -> 120 | G24: =IFERROR(VLOOKUP($B24, 'DAY 2 SCORES'!$B:$H, 7, FALSE), 0) -> 120 | H24: =IFERROR(VLOOKUP($B24, 'DAY 1 SCORES'!$B:$D, 3, FALSE), 0) + IFERROR(VLOOKUP($B24, 'DAY 2 SCORES'!$B:$D, 3, FALSE), 0) -> 0 | I24: =IFERROR(VLOOKUP($B24, 'DAY 1 SCORES'!$B:$F, 5, FALSE), 0) + IFERROR(VLOOKUP($B24, 'DAY 2 SCORES'!$B:$F, 5, FALSE), 0) -> 0 | J24: =MAX(IFERROR(VLOOKUP($B24, 'DAY 1 SCORES'!$B:$G, 6, FALSE), 0), IFERROR(VLOOKUP($B24, 'DAY 2 SCORES'!$B:$G, 6, FALSE), 0)) -> 0 | K24: =IFERROR(VLOOKUP($B24, 'DAY 1 SCORES'!$B:$E, 4, FALSE), 0) + IFERROR(VLOOKUP($B24, 'DAY 2 SCORES'!$B:$E, 4, FALSE), 0) -> 0 | L24: =IF(B24="", 999, D24 - (H24/10000) - (I24/1000000) - (J24/100000000) - (K24/10000000000)) -> 999
A25: =IF(B25="", "", RANK(L25, $L$5:$L$124, 1)) | B25: =IF(REGISTRATION!$B34="", "", REGISTRATION!$B34) | C25: =IF(B25="", "", REGISTRATION!$C34) | D25: =F25 + G25 -> 240 | E25: =IF($B25="", "", H25 & " / " & I25 & " / " & J25 & " / " & K25) | F25: =IFERROR(VLOOKUP($B25, 'DAY 1 SCORES'!$B:$H, 7, FALSE), 0) -> 120 | G25: =IFERROR(VLOOKUP($B25, 'DAY 2 SCORES'!$B:$H, 7, FALSE), 0) -> 120 | H25: =IFERROR(VLOOKUP($B25, 'DAY 1 SCORES'!$B:$D, 3, FALSE), 0) + IFERROR(VLOOKUP($B25, 'DAY 2 SCORES'!$B:$D, 3, FALSE), 0) -> 0 | I25: =IFERROR(VLOOKUP($B25, 'DAY 1 SCORES'!$B:$F, 5, FALSE), 0) + IFERROR(VLOOKUP($B25, 'DAY 2 SCORES'!$B:$F, 5, FALSE), 0) -> 0 | J25: =MAX(IFERROR(VLOOKUP($B25, 'DAY 1 SCORES'!$B:$G, 6, FALSE), 0), IFERROR(VLOOKUP($B25, 'DAY 2 SCORES'!$B:$G, 6, FALSE), 0)) -> 0 | K25: =IFERROR(VLOOKUP($B25, 'DAY 1 SCORES'!$B:$E, 4, FALSE), 0) + IFERROR(VLOOKUP($B25, 'DAY 2 SCORES'!$B:$E, 4, FALSE), 0) -> 0 | L25: =IF(B25="", 999, D25 - (H25/10000) - (I25/1000000) - (J25/100000000) - (K25/10000000000)) -> 999
